<?xml version="1.0" encoding="UTF-8"?>
<beans xmlns="http://www.springframework.org/schema/beans"
	xmlns:xsi="http://www.w3.org/2001/XMLSchema-instance" xmlns:context="http://www.springframework.org/schema/context"
	xmlns:jee="http://www.springframework.org/schema/jee" xmlns:tx="http://www.springframework.org/schema/tx"
	xmlns:aop="http://www.springframework.org/schema/aop" xmlns:task="http://www.springframework.org/schema/task"
	xmlns:jpa="http://www.springframework.org/schema/data/jpa" xmlns:sws="http://www.springframework.org/schema/web-services"
	xsi:schemaLocation="http://www.springframework.org/schema/jee http://www.springframework.org/schema/jee/spring-jee-4.2.xsd
		http://www.springframework.org/schema/aop http://www.springframework.org/schema/aop/spring-aop-4.2.xsd
		http://www.springframework.org/schema/task http://www.springframework.org/schema/task/spring-task-4.2.xsd
		http://www.springframework.org/schema/beans http://www.springframework.org/schema/beans/spring-beans-4.2.xsd
		http://www.springframework.org/schema/tx http://www.springframework.org/schema/tx/spring-tx-4.2.xsd 
		http://www.springframework.org/schema/context http://www.springframework.org/schema/context/spring-context-4.2.xsd
		http://www.springframework.org/schema/data/jpa http://www.springframework.org/schema/data/jpa/spring-jpa.xsd
		http://www.springframework.org/schema/web-services
      	http://www.springframework.org/schema/web-services/web-services-2.0.xsd">

	<!-- Root Context: defines shared resources visible to all other web components -->
	<!-- <aop:aspectj-autoproxy /> <jpa:repositories base-package="com.ey.advisory.asp" 
		/> -->
	<!-- <jpa:repositories base-package="com.ey.advisory.asp.client" entity-manager-factory-ref="entityManagerFactory" 
		transaction-manager-ref="transactionManager"/> -->
	

	
	<bean id="gspRestProps"
		class="org.springframework.beans.factory.config.PropertyPlaceholderConfigurer">
		<property name="ignoreUnresolvablePlaceholders" value="true" />
		<property name="location">
			<value>classpath:GSPRestConfig.properties</value>
		</property>
	</bean>
	<bean id="restCustomErrorHandler" class="com.ey.advisory.asp.exception.RestCustomErrorHandler"></bean>
	<!-- <bean id="mappingJackson2HttpMessageConverter" class="org.springframework.http.converter.json.MappingJackson2HttpMessageConverter"></bean> -->

	<bean id="restTemplate" class="org.springframework.web.client.RestTemplate">
		<constructor-arg ref="requestFactory" />
		<property name="errorHandler" ref="restCustomErrorHandler"></property>
		<!-- <property name="messageConverters"> <list> <ref bean="mappingJackson2HttpMessageConverter" 
			/> </list> </property> -->

	</bean>

	<bean id="httpClientBuilder" class="org.apache.http.impl.client.HttpClientBuilder"
		factory-method="create">
		<property name="proxy" ref="proxyBean" />

	</bean>

	<bean id="proxyBean" class="org.apache.http.HttpHost">

		<constructor-arg value="${restapi.proxy.host}" />
		<constructor-arg value="${restapi.proxy.port}" />
		<constructor-arg value="${restapi.proxy.protocol}" />

	</bean>

	<bean id="requestFactory"
		class="org.springframework.http.client.HttpComponentsClientHttpRequestFactory">
		<constructor-arg ref="httpClient" />
	</bean>
	<bean id="httpClient" factory-bean="httpClientBuilder"
		factory-method="build" />
</beans>
