<?xml version="1.0" encoding="UTF-8"?>
<beans:beans xmlns="http://www.springframework.org/schema/mvc"
	xmlns:xsi="http://www.w3.org/2001/XMLSchema-instance" xmlns:beans="http://www.springframework.org/schema/beans"
	xmlns:context="http://www.springframework.org/schema/context"
	xsi:schemaLocation="http://www.springframework.org/schema/mvc http://www.springframework.org/schema/mvc/spring-mvc.xsd
		http://www.springframework.org/schema/beans http://www.springframework.org/schema/beans/spring-beans.xsd
		http://www.springframework.org/schema/context http://www.springframework.org/schema/context/spring-context.xsd">

	<!-- DispatcherServlet Context: defines this servlet's request-processing 
		infrastructure -->

	<!-- Enables the Spring MVC @Controller programming model -->
	<annotation-driven />

	<default-servlet-handler/>
	<!-- Handles HTTP GET requests for /resources/** by efficiently serving 
		up static resources in the ${webappRoot}/resources directory -->
	<resources mapping="/resources/**" location="/resources/" />


	<!--  <beans:bean id="mailSender"
		class="org.springframework.mail.javamail.JavaMailSenderImpl">
		<beans:property name="host" value="198.134.49.19" />
		<beans:property name="javaMailProperties">
			<beans:props>-->
				<!-- Use SMTP transport protocol -->
				<!--<beans:prop key="mail.transport.protocol">smtp</beans:prop> -->
				<!-- <beans:prop key="mail.smtp.starttls.enable">true</beans:prop> -->
				<!-- <beans:prop key="mail.debug">true</beans:prop> -->
				<!-- <beans:prop key="mail.smtp.sendpartial">true</beans:prop> -->
			<!--</beans:props>
		</beans:property>
	</beans:bean> -->

	<context:component-scan base-package="com.ey.advisory.asp" />
	
	<beans:bean id="batchTenantInterceptor"
		class="com.ey.advisory.asp.multitenancy.interceptor.TenantInterceptor" />

	<interceptors>
		<interceptor>
			<mapping path="/**" />
			 <beans:ref bean="batchTenantInterceptor" />
		</interceptor>
	</interceptors>

</beans:beans>
