<project xmlns="http://maven.apache.org/POM/4.0.0" xmlns:xsi="http://www.w3.org/2001/XMLSchema-instance"
	xsi:schemaLocation="http://maven.apache.org/POM/4.0.0 http://maven.apache.org/xsd/maven-4.0.0.xsd">
	<modelVersion>4.0.0</modelVersion>
	<!--<parent>
		<groupId>com.ey.gst.asp.war</groupId>
		<artifactId>aspwar</artifactId>
		<version>1.0.0-SNAPSHOT</version>
	</parent>-->
	<groupId>com.ey.advisory</groupId>
	<artifactId>Asp_batch</artifactId>
	<version>${svn.revision}-${build.number}-3.1.0-SNAPSHOT</version>
	<packaging>war</packaging>
	<name>Batch related code</name>
	<properties> 
		<java-version>1.8</java-version>
		<org.springframework-version>4.2.3.RELEASE</org.springframework-version>
		<org.springsecurity-version>4.0.3.RELEASE</org.springsecurity-version>
		<org.aspectj-version>1.8.9</org.aspectj-version>
		<org.slf4j-version>1.7.9</org.slf4j-version>
		<jackson.version>1.9.10</jackson.version>
		<springbatch.version>3.0.7.RELEASE</springbatch.version>
		<joda-time.version>2.3</joda-time.version>
		<quartz.version>2.2.1</quartz.version>
		<tiles.version>3.0.0</tiles.version>
		<hibernate.version>4.3.6.Final</hibernate.version>
		<build.number>SNAPSHOT</build.number>
		
		</properties> 
		
		<profiles>
		<profile>
			<id>env-dev</id>
			<activation>
				<activeByDefault>true</activeByDefault>
			</activation>
			<properties>
				<dependent.project.version>DEV-3.1.0-SNAPSHOT</dependent.project.version>
			</properties>
			 <distributionManagement>		 
				<snapshotRepository>
					<id>Maven-snapshots</id>
					<name>Maven-snapshots</name>
					<url>http://ci-sh-nx003:8081/nexus/content/repositories/Maven-snapshots/</url>
				</snapshotRepository>
			</distributionManagement>
			<repositories>
			<repository>
				<id>Maven-snapshots</id>
				<name>Maven-snapshots</name>
				<url>http://ci-sh-nx003:8081/nexus/content/repositories/Maven-snapshots/</url>
			</repository>
			</repositories>
		</profile>
		
		<profile>
			<id>env-uat</id>
			<properties>
				<dependent.project.version>UAT-3.3.0</dependent.project.version>
			</properties>
			<repositories>
			<repository>
				<id>uat-releases</id>
				<name>uat-releases</name>
				<url>http://10.1.3.10:8081/nexus/content/repositories/uat-releases/
				</url>
			</repository>
			</repositories>
			<distributionManagement>
			<repository>
				<id>uat-releases</id>
				<name>uat-releases</name>
				<url>http://10.1.3.10:8081/nexus/content/repositories/uat-releases/
				</url>
			</repository>
			</distributionManagement> 
		</profile>
		
		<profile>
			<id>env-nfr</id>
			<properties>
				<dependent.project.version>NFR-3.3.0</dependent.project.version>
			</properties>
			<repositories>
			<repository>
				<id>nfr-releases</id>
				<name>nfr-releases</name>
				<url>http://10.1.3.10:8081/nexus/content/repositories/nfr-releases/
				</url>
			</repository>
			</repositories>
			<distributionManagement>
			<repository>
				<id>nfr-releases</id>
				<name>nfr-releases</name>
				<url>http://10.1.3.10:8081/nexus/content/repositories/nfr-releases/
				</url>
			</repository>
			</distributionManagement> 
		</profile>
		<profile>
			<id>env-prod</id>
			<properties>
				<dependent.project.version>4.0.0.2</dependent.project.version>
			</properties>
			<repositories>
			<repository>
				<id>Prod-releases</id>
				<name>Prod-releases</name>
				<url>http://10.1.3.10:8081/nexus/content/repositories/Prod-releases/
				</url>
			</repository>
			</repositories>
			<distributionManagement>
			<repository>
				<id>Prod-releases</id>
				<name>Prod-releases</name>
				<url>http://10.1.3.10:8081/nexus/content/repositories/Prod-releases/
				</url>
			</repository>
			</distributionManagement> 
		</profile>
	</profiles>
	
	<dependencies>
		<!-- Spring -->
<dependency>
 		 <groupId>org.codehaus.mojo</groupId>
		  <artifactId>buildnumber-maven-plugin</artifactId>
		  <version>1.4</version>
		  <type>maven-plugin</type>
		</dependency>
		<dependency>
			<groupId>org.springframework</groupId>
			<artifactId>spring-web</artifactId>
			<version>${org.springframework-version}</version>
		</dependency>
		<dependency>
			<groupId>org.springframework</groupId>
			<artifactId>spring-orm</artifactId>
			<version>${org.springframework-version}</version>
		</dependency>
		<dependency>
			<groupId>org.springframework</groupId>
			<artifactId>spring-context-support</artifactId>
			<version>${org.springframework-version}</version>
		</dependency>
		<!-- Spring Batch -->
		<dependency>
			<groupId>org.springframework.batch</groupId>
			<artifactId>spring-batch-core</artifactId>
			<version>${springbatch.version}</version>
		</dependency>
		<dependency>
			<groupId>org.springframework.batch</groupId>
			<artifactId>spring-batch-infrastructure</artifactId>
			<version>${springbatch.version}</version>
		</dependency>

		<!-- AspectJ -->
		<dependency>
			<groupId>org.aspectj</groupId>
			<artifactId>aspectjrt</artifactId>
			<version>${org.aspectj-version}</version>
		</dependency>

		<dependency>
			<groupId>org.aspectj</groupId>
			<artifactId>aspectjweaver</artifactId>
			<version>${org.aspectj-version}</version>
		</dependency>
		<dependency>
			<groupId>org.springframework</groupId>
			<artifactId>spring-aop</artifactId>
			<version>${org.springframework-version}</version>
		</dependency>


		<!-- Quartz framework -->
		<dependency>
			<groupId>org.quartz-scheduler</groupId>
			<artifactId>quartz</artifactId>
			<version>${quartz.version}</version>
		</dependency>
		<dependency>
			<groupId>org.quartz-scheduler</groupId>
			<artifactId>quartz-jobs</artifactId>
			<version>${quartz.version}</version>
		</dependency>

		<!-- Joda-Time -->
		<dependency>
			<groupId>joda-time</groupId>
			<artifactId>joda-time</artifactId>
			<version>${joda-time.version}</version>
		</dependency>

		<!-- Logging -->
		<dependency>
			<groupId>org.slf4j</groupId>
			<artifactId>slf4j-api</artifactId>
			<version>${org.slf4j-version}</version>
		</dependency>
		<dependency>
			<groupId>org.slf4j</groupId>
			<artifactId>jcl-over-slf4j</artifactId>
			<version>${org.slf4j-version}</version>
			<!-- <scope>runtime</scope> -->
		</dependency>
		<dependency>
			<groupId>org.slf4j</groupId>
			<artifactId>slf4j-log4j12</artifactId>
			<version>${org.slf4j-version}</version>
			<!-- <scope>runtime</scope> -->
		</dependency>
		<dependency>
			<groupId>org.hibernate</groupId>
			<artifactId>hibernate-core</artifactId>
			<version>${hibernate.version}</version>
		</dependency>
		<dependency>
			<groupId>org.hibernate</groupId>
			<artifactId>hibernate-ehcache</artifactId>
			<version>${hibernate.version}</version>
		</dependency>
		<dependency>
			<groupId>net.sf.ehcache</groupId>
			<artifactId>ehcache-core</artifactId>
			<version>2.6.11</version>
			<scope>compile</scope>
		</dependency>
		<!-- apache commons -->

		<dependency>
			<groupId>commons-codec</groupId>
			<artifactId>commons-codec</artifactId>
			<version>1.10</version>
		</dependency>

		<dependency>
			<groupId>org.apache.commons</groupId>
			<artifactId>commons-lang3</artifactId>
			<version>3.3.2</version>
		</dependency>

		<dependency>
			<groupId>commons-fileupload</groupId>
			<artifactId>commons-fileupload</artifactId>
			<version>1.2.1</version>
		</dependency>

		<dependency>
			<groupId>commons-io</groupId>
			<artifactId>commons-io</artifactId>
			<version>2.4</version>
		</dependency>
		<!-- database -->

		<dependency>
			<groupId>log4j</groupId>
			<artifactId>log4j</artifactId>
			<version>1.2.15</version>
			<exclusions>
				<exclusion>
					<groupId>javax.mail</groupId>
					<artifactId>mail</artifactId>
				</exclusion>
				<exclusion>
					<groupId>javax.jms</groupId>
					<artifactId>jms</artifactId>
				</exclusion>
				<exclusion>
					<groupId>com.sun.jdmk</groupId>
					<artifactId>jmxtools</artifactId>
				</exclusion>
				<exclusion>
					<groupId>com.sun.jmx</groupId>
					<artifactId>jmxri</artifactId>
				</exclusion>
			</exclusions>
			<!-- <scope>runtime</scope> -->
		</dependency>
	<!--
		<dependency>
			<groupId>com.microsoft.sqlserver</groupId>
			<artifactId>sqljdbc4</artifactId>
			<version>4.0</version>
			<scope>provided</scope>
		</dependency>-->
		<dependency>
			<groupId>org.apache.poi</groupId>
			<artifactId>poi-ooxml</artifactId>
			<version>3.8-beta4</version>
		</dependency>
		<dependency>
			<groupId>org.apache.velocity</groupId>
			<artifactId>velocity</artifactId>
			<version>1.7</version>
		</dependency>
		<dependency>
			<groupId>com.ey.gst.asp.services</groupId>
			<artifactId>aspservice</artifactId>
			<version>${dependent.project.version}</version>
		</dependency>
		<dependency>
			<groupId>com.ey.gst.asp.services</groupId>
			<artifactId>aspclientservice</artifactId>
			<version>${dependent.project.version}</version>
		</dependency>
		<dependency>
			<groupId>com.ey.gst.asp.services</groupId>
			<artifactId>aspnotification</artifactId>
			<version>${dependent.project.version}</version>
		</dependency>
		<dependency>
			<groupId>com.google.code.gson</groupId>
			<artifactId>gson</artifactId>
			<version>2.8.0</version>
		</dependency>
		
		<dependency>
            <groupId>com.ey.gst.asp.services</groupId>
            <artifactId>asp_gstn_service</artifactId>
			<version>${dependent.project.version}</version>
        </dependency> 
        

		<dependency>
			<groupId>com.ey.gst.asp.services</groupId>
			<artifactId>asptenantservice</artifactId>
			<version>${dependent.project.version}</version>
		</dependency>
		
		<!-- spring-data-redis -->
		<dependency>
		    <groupId>org.springframework.data</groupId>
		    <artifactId>spring-data-redis</artifactId>
		    <version>1.7.1.RELEASE</version>
		</dependency>
	</dependencies>


	 <build>
		<finalName>aspbatch</finalName>
		<plugins>
			<plugin>
				<artifactId>maven-compiler-plugin</artifactId>
				<version>3.3</version>
				<configuration>
					<source>1.8</source>
					<target>1.8</target>
				</configuration>
			</plugin>
			<plugin>
				<artifactId>maven-war-plugin</artifactId>
				<version>2.6</version>
				<configuration>
					<packagingExcludes>
						**/*.properties,WEB-INF/lib/*.jar,WEB-INF/classes/db/**,**/log4j.xml
					</packagingExcludes>
				
					<additionalProjectnatures>
						<projectnature>org.springframework.ide.eclipse.core.springnature</projectnature>
					</additionalProjectnatures>
					<additionalBuildcommands>
						<buildcommand>org.springframework.ide.eclipse.core.springbuilder</buildcommand>
					</additionalBuildcommands>
					<downloadSources>true</downloadSources>
					<downloadJavadocs>true</downloadJavadocs>
				</configuration>
			</plugin>
		</plugins>
	</build>
	
</project>