<?xml version="1.0" encoding="UTF-8"?>
<beans xmlns="http://www.springframework.org/schema/beans"
	xmlns:xsi="http://www.w3.org/2001/XMLSchema-instance" xmlns:context="http://www.springframework.org/schema/context"
	xmlns:jee="http://www.springframework.org/schema/jee" xmlns:tx="http://www.springframework.org/schema/tx"
	xmlns:aop="http://www.springframework.org/schema/aop" xmlns:task="http://www.springframework.org/schema/task"
	xmlns:jpa="http://www.springframework.org/schema/data/jpa" xmlns:sws="http://www.springframework.org/schema/web-services"
	xsi:schemaLocation="http://www.springframework.org/schema/jee http://www.springframework.org/schema/jee/spring-jee-4.2.xsd
		http://www.springframework.org/schema/aop http://www.springframework.org/schema/aop/spring-aop-4.2.xsd
		http://www.springframework.org/schema/task http://www.springframework.org/schema/task/spring-task-4.2.xsd
		http://www.springframework.org/schema/beans http://www.springframework.org/schema/beans/spring-beans-4.2.xsd
		http://www.springframework.org/schema/tx http://www.springframework.org/schema/tx/spring-tx-4.2.xsd 
		http://www.springframework.org/schema/context http://www.springframework.org/schema/context/spring-context-4.2.xsd
		http://www.springframework.org/schema/data/jpa http://www.springframework.org/schema/data/jpa/spring-jpa.xsd
		http://www.springframework.org/schema/web-services
      	http://www.springframework.org/schema/web-services/web-services-2.0.xsd">


<context:annotation-config />
	<context:component-scan base-package="com.ey.advisory.asp" />
	<tx:annotation-driven />

	<!-- 
	
	 Root Context: defines shared resources visible to all other web components 
	<tx:annotation-driven/>
	<aop:aspectj-autoproxy /> 
	<jpa:repositories base-package="com.ey.advisory.asp"  />
	
	<jpa:repositories base-package="com.ey.advisory.asp.client"
                        entity-manager-factory-ref="entityManagerFactory" transaction-manager-ref="transactionManager"/>
 
	<jpa:repositories base-package="com.ey.advisory.asp.master"
                      entity-manager-factory-ref="masterEntityManagerFactory" transaction-manager-ref="masterTransactionManager"/>

	JPA configuration starts

	This produces a container-managed EntityManagerFactory; rather than 
		application-managed EntityManagerFactory as in case of LocalEntityManagerFactoryBean
	<bean id="entityManagerFactory"
		class="org.springframework.orm.jpa.LocalContainerEntityManagerFactoryBean">

		<property name="dataSource" ref="etlJobDataSource" />
		<property name="persistenceUnitName" value="etlJobUnit" />      
		This makes /META-INF/persistence.xml is no longer necessary
		<property name="packagesToScan" value="com.ey.advisory.asp.etl" />
		JpaVendorAdapter implementation for Hibernate EntityManager. Exposes 
			Hibernate's persistence provider and EntityManager extension interface
		<property name="jpaVendorAdapter">
			<bean class="org.springframework.orm.jpa.vendor.HibernateJpaVendorAdapter" />
		</property>
		<property name="jpaDialect">
			<bean id="jpaDialect"
				class="org.springframework.orm.jpa.vendor.HibernateJpaDialect" />
		</property>
		<property name="jpaProperties">
			<props>
				<prop key="hibernate.hbm2ddl.auto">validate</prop> <prop key="hibernate.dialect">org.hibernate.dialect.MySQL5Dialect</prop>

				<prop key="hibernate.bytecode.use_reflection_optimizer">false</prop>
				<prop key="hibernate.current_session_context_class">thread</prop>
				<prop key="hibernate.dialect">org.hibernate.dialect.SQLServerDialect</prop>
				<prop key="hibernate.dialect">com.ey.advisory.asp.custom.CustomDialect</prop>
				<prop key="hibernate.cache.use_second_level_cache">true</prop> <prop 
					key="hibernate.cache.use_query_cache">true</prop> <prop key="hibernate.cache.region.factory_class">net.sf.ehcache.hibernate.EhCacheRegionFactory</prop><prop key="hibernate.cache.region.factory_class">net.sf.ehcache.hibernate.SingletonEhCacheRegionFactory</prop>
				<prop key="hibernate.generate_statistics">true</prop>

				<prop key="hibernate.show_sql">false</prop>
				<prop key="hibernate.default_schema">dbo</prop>
				<prop key="hibernate.default_schema">${ssdt.defaultSchema}</prop>
				<prop key="current_session_context_class">thread</prop>

			</props>
		</property>
	</bean>

	This transaction manager is appropriate for applications that use a 
		single JPA EntityManagerFactory for transactional data access. JTA (usually 
		through JtaTransactionManager) is necessary for accessing multiple transactional 
		resources within the same transaction.
	<bean id="transactionManager" class="org.springframework.orm.jpa.JpaTransactionManager">
		<property name="entityManagerFactory" ref="entityManagerFactory" />
	</bean>

	<tx:annotation-driven />
	JPA configuration end

	<bean id="masterEntityManagerFactory"
		class="org.springframework.orm.jpa.LocalContainerEntityManagerFactoryBean">

		<property name="dataSource" ref="masterDataSource" />
		<property name="persistenceUnitName" value="masterDataUnit" />  
		This makes /META-INF/persistence.xml is no longer necessary
		<property name="packagesToScan" value="com.ey.advisory.asp.master" />
		JpaVendorAdapter implementation for Hibernate EntityManager. Exposes 
			Hibernate's persistence provider and EntityManager extension interface
		<property name="jpaVendorAdapter">
			<bean class="org.springframework.orm.jpa.vendor.HibernateJpaVendorAdapter" />
		</property>
		<property name="jpaDialect">
			<bean id="jpaDialect"
				class="org.springframework.orm.jpa.vendor.HibernateJpaDialect" />
		</property>
		<property name="jpaProperties">
			<props>
				<prop key="hibernate.hbm2ddl.auto">validate</prop> <prop key="hibernate.dialect">org.hibernate.dialect.MySQL5Dialect</prop>

				<prop key="hibernate.bytecode.use_reflection_optimizer">false</prop>
				<prop key="hibernate.current_session_context_class">thread</prop>
				<prop key="hibernate.dialect">org.hibernate.dialect.SQLServerDialect</prop>
				<prop key="hibernate.dialect">com.ey.advisory.asp.custom.CustomDialect</prop>
				<prop key="hibernate.cache.use_second_level_cache">true</prop> <prop 
					key="hibernate.cache.use_query_cache">true</prop> <prop key="hibernate.cache.region.factory_class">net.sf.ehcache.hibernate.EhCacheRegionFactory</prop><prop key="hibernate.cache.region.factory_class">net.sf.ehcache.hibernate.SingletonEhCacheRegionFactory</prop>
				<prop key="hibernate.generate_statistics">true</prop>

				<prop key="hibernate.show_sql">true</prop>
				<prop key="hibernate.default_schema">dbo</prop>
				<prop key="hibernate.default_schema">${ssdt.defaultSchema}</prop>
				<prop key="current_session_context_class">thread</prop>

			</props>
		</property>
	</bean>

	This transaction manager is appropriate for applications that use a 
		single JPA EntityManagerFactory for transactional data access. JTA (usually 
		through JtaTransactionManager) is necessary for accessing multiple transactional 
		resources within the same transaction.
	<bean id="masterTransactionManager" class="org.springframework.orm.jpa.JpaTransactionManager">
		<property name="entityManagerFactory" ref="masterEntityManagerFactory" />
	</bean>


	<aop:config>
		<aop:pointcut id="clientServiceMethods"
			expression="execution(* com.ey.advisory.asp.client.service..*.*(..)) " />
		<aop:advisor advice-ref="clienttxAdvice" pointcut-ref="clientServiceMethods" />
	</aop:config>

	<tx:advice id="clienttxAdvice" transaction-manager="transactionManager">
		<tx:attributes>
			<tx:method name="*" propagation="REQUIRED" rollback-for="Exception" />
		</tx:attributes>
	</tx:advice>
	
	<aop:config>
		<aop:pointcut id="masterServiceMethods"
			expression="execution(* com.ey.advisory.asp.master.service..*.*(..)) " />
		<aop:advisor advice-ref="mastertxAdvice" pointcut-ref="masterServiceMethods" />
	</aop:config>

	<tx:advice id="mastertxAdvice" transaction-manager="masterTransactionManager">
		<tx:attributes>
			<tx:method name="*" propagation="REQUIRED" rollback-for="Exception" />
		</tx:attributes>
	</tx:advice>
	


	<bean id="gspRestProps"
		class="org.springframework.beans.factory.config.PropertyPlaceholderConfigurer">
		<property name="ignoreUnresolvablePlaceholders" value="true" />
		<property name="location">
			<value>classpath:GSPRestConfig.properties</value>
		</property>
	</bean>
	<bean id="restCustomErrorHandler"
		class="com.ey.advisory.asp.exception.RestCustomErrorHandler"></bean>
	<bean id="mappingJackson2HttpMessageConverter" class="org.springframework.http.converter.json.MappingJackson2HttpMessageConverter"></bean>

	<bean id="restTemplate" class="org.springframework.web.client.RestTemplate">
		<constructor-arg ref="requestFactory" />
		<property name="errorHandler" ref="restCustomErrorHandler"></property>
		<property name="messageConverters"> <list> <ref bean="mappingJackson2HttpMessageConverter" 
			/> </list> </property>

	</bean>

	<bean id="httpClientBuilder" class="org.apache.http.impl.client.HttpClientBuilder"
		factory-method="create">
		<property name="proxy" ref="proxyBean" />

	</bean>

	<bean id="proxyBean" class="org.apache.http.HttpHost">

		<constructor-arg value="${restapi.proxy.host}" />
		<constructor-arg value="${restapi.proxy.port}" />
		<constructor-arg value="${restapi.proxy.protocol}" />

	</bean>

	<bean id="requestFactory"
		class="org.springframework.http.client.HttpComponentsClientHttpRequestFactory">
		<constructor-arg ref="httpClient" />
	</bean>
	<bean id="httpClient" factory-bean="httpClientBuilder"
		factory-method="build" /> -->
</beans>
