<?xml version="1.0" encoding="UTF-8"?>
<beans xmlns="http://www.springframework.org/schema/beans"
	xmlns:batch="http://www.springframework.org/schema/batch" xmlns:xsi="http://www.w3.org/2001/XMLSchema-instance"
	xsi:schemaLocation="http://www.springframework.org/schema/batch http://www.springframework.org/schema/batch/spring-batch-3.0.xsd
        http://www.springframework.org/schema/beans http://www.springframework.org/schema/beans/spring-beans-4.0.xsd"
	default-init-method="init">

	<import resource="batch-context.xml" />


	<!-- get GSTR1 details from GSTN/STUBS starts -->

	<!-- <batch:job id="getGstr1DetailsFromGstn"> <batch:step id="getDetailsFromGstn"> 
		<batch:tasklet ref="getDetailsFromGstnTasklet" /> <batch:end on="NOOP" /> 
		<batch:next on="*" to="saveDetailsFromGstn" /> </batch:step> <batch:step 
		id="saveDetailsFromGstn"> <batch:tasklet ref="saveDetailsFromGstnTasklet" 
		/> </batch:step> </batch:job> -->

	<!-- get GSTR1 details from GSTN/STUBS ends -->

	
	<batch:job id="scheduleMasterRawFile">
		<batch:step id="TriggerMasterSpAndSchedule" >
			<batch:tasklet transaction-manager="transactionManager">
				<batch:chunk writer="scheduleClientRawFile" reader="getClientRawFileList"
				 commit-interval="10" />
			</batch:tasklet>
		</batch:step>
	</batch:job>
	
	 <batch:job id="processClientOutwardRawFile">
		<batch:step id="triggerClientOutwardSp" next="triggerETLOutwardSp">
			<batch:tasklet ref="triggerPollingOutwardClientSp" />
		</batch:step>
		<batch:step id="triggerETLOutwardSp">
			<batch:tasklet ref="triggerETLOutwardStagingPkgSP" />
		</batch:step>
		<batch:listeners>
			<batch:listener ref="processClientFileListener" />
		</batch:listeners>
	</batch:job> 
	
	<!-- <batch:job id="processClientOutwardRawFile">
		<batch:step id="triggerClientAndETLOutwardSp">
			<batch:tasklet ref="triggerPollingOutward" />
		</batch:step>
		<batch:listeners>
			<batch:listener ref="processClientFileListener" />
		</batch:listeners>
	</batch:job> -->
	
	<!-- Job to handle Asp-Storm count logic failure -->
	<batch:job id="timeoutAndPersistRedisToDBPart1">
		<batch:step id="triggerPollRedisAndSubmitJob">
			<batch:tasklet ref="scheduleTimeoutAndPresistPart1" />
		</batch:step>		
	</batch:job>
	
	<batch:job id="timeoutAndPersistRedisToDBPart2">
		<batch:step id="triggerCopyFromDBToRedis">
			<batch:tasklet ref="scheduleTimeoutAndPresistPart2" />
		</batch:step>		
		<batch:listeners>
			<batch:listener ref="timeoutAndPersistRedisToDBPart2Listener" />
		</batch:listeners>
	</batch:job>
	<!-- Job to handle Asp-Storm count logic failure -->
	
	<batch:job id="processClientInwardRawFile">
		<batch:step id="triggerClientInwardSp" next="triggerETLInwardSp">
			<batch:tasklet ref="triggerPollingInwardClientSp" />
		</batch:step>
		<batch:step id="triggerETLInwardSp">
			<batch:tasklet ref="triggerETLInwardStagingPkgSP" />
		</batch:step>
		<batch:listeners>
			<batch:listener ref="processClientFileListener" />
		</batch:listeners>
	</batch:job>

	<batch:job id="processTenantJob">
		<batch:step id="checkUpdateFlagStatusAndProcess">
			<batch:tasklet ref="processTenantDynamicJobTasklet" />
		</batch:step>
	</batch:job>

	<!-- Job to get InvoiceCount/LineItem Count from Staging Table end -->
	<!-- Job to interface the sales file to GSTN -->
	<batch:job id="interfaceFileToGstnOutward">
		<batch:step id="selectFiletoGstnOutward">
			<batch:tasklet transaction-manager="transactionManager">
				<batch:chunk reader="fileInterfaceToGstnOutwardReader"
					writer="fileInterfaceToGstnOutwardWriter" commit-interval="10"
					skip-policy="skipPolicy">
				</batch:chunk>
				<batch:listeners>
					<batch:listener ref="fileInterfaceToGstnOutwardSkipListener" />
				</batch:listeners>
				<batch:transaction-attributes
					isolation="READ_COMMITTED" propagation="REQUIRED" />
			</batch:tasklet>
		</batch:step>
	</batch:job>

	<!-- Job to interface the sales file to GSTN <batch:job id="processRawFileInward"> 
		<batch:step id="triggerMasterSpInward" next="triggerETLSpInward"> <batch:tasklet 
		ref="triggerPollinguploadFileSP"/> </batch:step> <batch:step id="triggerETLSpInward"> 
		<batch:tasklet ref="triggerETLStagingPkgSP"/> </batch:step> </batch:job> -->

	<batch:job id="interfaceFileToGstnInward">
		<batch:step id="selectFiletoGstnInward">
			<batch:tasklet transaction-manager="transactionManager">
				<batch:chunk reader="fileInterfaceToGstnInwardReader"
					writer="fileInterfaceToGstnInwardWriter" commit-interval="10"
					skip-policy="skipPolicy">
				</batch:chunk>
				<batch:listeners>
					<batch:listener ref="fileInterfaceToGstnInwardSkipListener" />
				</batch:listeners>
				<batch:transaction-attributes
					isolation="READ_COMMITTED" propagation="REQUIRED" />
			</batch:tasklet>
		</batch:step>
	</batch:job>


	<batch:job id="routingGstr1">
		<batch:step id="gstr1Routing">
			<batch:tasklet ref="routingGstr1Tasklet" />
		</batch:step>
	</batch:job>
	<batch:job id="routingGstr2">
		<batch:step id="gstr2Routing">
			<batch:tasklet ref="routingGstr2Tasklet" />
		</batch:step>
	</batch:job>


	<batch:job id="reconciliationProcessGstr2">
		<batch:step id="reconProcessGstr2">
			<batch:tasklet ref="gstr2ReconTasklet" />
		</batch:step>
		<batch:listeners>
			<batch:listener ref="updateStatusJobListener" />
		</batch:listeners>
	</batch:job>
	
	<!-- 6A recon -->
	<batch:job id="reconciliationProcessGstr6A">
		<batch:step id="reconProcessGstrA">
			<batch:tasklet ref="gstr6AReconTasklet" />
		</batch:step>
		<batch:listeners>
			<batch:listener ref="updateStatusJobListener" />
		</batch:listeners>
	</batch:job>

	<batch:job id="getInvoiceTransactionStatusGSTIN">
		<batch:step id="getTransactionStatus">
			<batch:tasklet transaction-manager="transactionManager">
				<batch:chunk writer="transactionStatusWriter" reader="invoiceTransactionReader"
					processor="transactionStatusProcessor" commit-interval="2" />
			</batch:tasklet>
		</batch:step>
	</batch:job>
	<bean id="taskExecutor" class="org.springframework.core.task.SimpleAsyncTaskExecutor"></bean>
	<!-- TODO: Retry mechanism configuration -->
	<batch:job id="getGSTR2AFromGSTN">

		<batch:decision id="gstr2adecision" decider="gstr2AFlowdecider">
			<batch:next on="WITHOUT_JOB_PARAMS" to="getGstinTaxPrdData" />
			<batch:next on="WITH_JOB_PARAMS" to="getB2bData" />
			<batch:end on="*" />
		</batch:decision>

		<batch:step id="getGstinTaxPrdData">
			<batch:tasklet ref="getGstinTaxPrdTasklet" />
			<batch:end on="NOOP" />
			<batch:next on="*" to="getB2bData" />
		</batch:step>


		<!-- get and Save B2b Data -->
		<batch:step id="getB2bData">
			<batch:tasklet ref="getB2bDetailsTasklet" />
			<batch:end on="NOOP" />
			<batch:next on="*" to="saveB2bData" />
		</batch:step>
		<batch:step id="saveB2bData" next="getB2baData">
			<batch:tasklet ref="saveB2bDetailsTasklet" />
		</batch:step>


		<!-- get and Save B2bA Data -->
		<batch:step id="getB2baData">
			<batch:tasklet ref="getB2baDetailsTasklet" />
			<batch:end on="NOOP" />
			<batch:next on="*" to="saveB2baData" />
		</batch:step>
		<batch:step id="saveB2baData" next="getCdnData">
			<batch:tasklet ref="saveB2baDetailsTasklet" />
		</batch:step>
		<!-- get and Save CDN Data -->
		<batch:step id="getCdnData">
			<batch:tasklet ref="getCdnDetailsTasklet" />
			<batch:end on="NOOP" />
			<batch:next on="*" to="saveCdnData" />
		</batch:step>
		<batch:step id="saveCdnData" next="getCdnaData">
			<batch:tasklet ref="saveCdnDetailsTasklet" />
		</batch:step>

		<!-- get and Save CDNA Data -->

		<batch:step id="getCdnaData">
			<batch:tasklet ref="getCdnaDetailsTasklet" />
			<batch:end on="NOOP" />
			<batch:next on="*" to="saveCdnaData" />
		</batch:step>
		<batch:step id="saveCdnaData" next="updateGSTR2AStatus">
			<batch:tasklet ref="saveCdnaDetailsTasklet" />
		</batch:step>

		<batch:step id="updateGSTR2AStatus">
			<batch:tasklet transaction-manager="transactionManager"
				ref="updateGSTR2AStatusTasklet" />
		</batch:step>
		<batch:listeners>
			<batch:listener ref="gstr2RoutingAndReconProcessJobListener" />
		</batch:listeners>

	</batch:job>

	<batch:job id="mailGstrAndReconReport">
		<batch:step id="mailGstrAndReconReportStep" next="updateMailStatusForGstin">
			<batch:tasklet transaction-manager="transactionManager">
				<batch:chunk writer="emailGstrAndReconWriter" processor="emailGstrAndReconProcessor"
					reader="gstinListReadytoMailReader" commit-interval="100" />
			</batch:tasklet>
		</batch:step>
		<batch:step id="updateMailStatusForGstin">
			<batch:tasklet ref="updateMailStatusTasklet" />
		</batch:step>
	</batch:job>
	
	<!-- 	Inv Mapping Ready Email Functionality  Start-->
		<batch:job id="mailInvMappingReady">
		<batch:step id="mailInvMappingReadyStep" next="updateMailStatusForGstinforInvMappingReady">
			<batch:tasklet transaction-manager="transactionManager">
				<batch:chunk writer="emailInvoiceMappingReadyWriter" processor="emailInvoiceMappingReadyProcessor"
					reader="gstinListforInvMappingReadytoMailReader" commit-interval="100" />
			</batch:tasklet>
		</batch:step>
		<batch:step id="updateMailStatusForGstinforInvMappingReady">
			<batch:tasklet ref="updateMailStatusTasklet" />
		</batch:step>
	</batch:job>
	
	<batch:job id="saveGSTR1Data">
		<batch:step id="gstr1RoutingStep">
			<batch:tasklet ref="routingGstr1Tasklet" />
			<batch:end on="NOOP" />
			<batch:next on="*" to="selectFiletoGstnOutwardStep" />
		</batch:step>
		<batch:step id="selectFiletoGstnOutwardStep">
			<batch:tasklet transaction-manager="transactionManager">
				<batch:chunk reader="fileInterfaceToGstnOutwardReader"
					writer="fileInterfaceToGstnOutwardWriter" commit-interval="10"
					skip-policy="skipPolicy">
				</batch:chunk>
				<batch:listeners>
					<batch:listener ref="fileInterfaceToGstnOutwardSkipListener" />
				</batch:listeners>
				<batch:transaction-attributes
					isolation="READ_COMMITTED" propagation="REQUIRED" />
			</batch:tasklet>
			<!-- <batch:end on="NOOP"/> <batch:next on="*" to="getTransactionStatusStep"/> -->
		</batch:step>
		<!-- <batch:step id="getTransactionStatusStep"> <batch:tasklet transaction-manager="transactionManager"> 
			<batch:chunk writer="transactionStatusWriter" reader="invoiceTransactionReader" 
			processor="transactionStatusProcessor" commit-interval="10" /> </batch:tasklet> 
			</batch:step> -->
	</batch:job>
	
	<batch:job id="runCustomerSpecificBatchJob">
		<batch:step id="scheduleCustomerSpecificIterativeBatchJob">
			<batch:tasklet ref="scheduleCutomerSpecificJobWIthSimpleTrigger" />			
		</batch:step>	
	</batch:job>
	
	<batch:job id="runCustomerSpecificIterativeBatchJob">	
		<batch:step id="fetchCustomerJobPriorityList" next="decideScheduleCustomerSpecificJobFlow">
			<batch:tasklet ref="fetchCustomerJobPriorityListTasklet"/>
		</batch:step>
		<batch:decision id="decideScheduleCustomerSpecificJobFlow" decider="customerSpecificJobSchedulingDecider">
			<batch:next on="SCHEDULE" to="scheduleCustomerSpecificJob" />
			<batch:next on="UNSCHEDULE" to="unscheduleCustomerSpecificIterativeJob" />
			<batch:end on="*" />	
		</batch:decision>		
		<batch:step id="scheduleCustomerSpecificJob">
			<batch:tasklet transaction-manager="transactionManager">
				<batch:chunk  writer="scheduleCustomerJob" reader="readJobPriorityList" commit-interval="10" />								
			</batch:tasklet>
		</batch:step>
		<batch:step id="unscheduleCustomerSpecificIterativeJob">
			<batch:tasklet ref="unscheduleCustomerJobTasklet" />
		</batch:step>
	</batch:job>

	<batch:job id="gstr2BusinessReconProcess">
		<batch:step id="gstr2RoutingStep">
			<batch:tasklet ref="routingGstr2Tasklet" />
			<batch:end on="NOOP" />
			<batch:next on="*" to="reconProcessGstr2Step" />
		</batch:step>
		<batch:step id="reconProcessGstr2Step" next="triggerSp">
			<batch:tasklet ref="reconciliationProcessGstr2Tasklet" />
		</batch:step>
		<batch:step id="triggerSp">
			<batch:tasklet ref="triggerStagingPkgSP" />
		</batch:step>
	</batch:job>

	<!-- Job to generate GSTR3 Liability/ITC/Cash Details -->

	<!-- <batch:job id="getDetailsFromGSTN"> <batch:step id="ledgetDetailsGstr3"> 
		<batch:tasklet ref="getLedgerDetails" /> </batch:step> </batch:job> -->


	<!-- GSTR1A Changes Starts -->

	<batch:job id="getGSTR1AFromGSTN">


		<!-- <batch:decision id="gstr1adecision" decider="gstr2AFlowdecider"> <batch:next 
			on="WITHOUT_JOB_PARAMS" to="getGstinTaxPeriodData" /> <batch:next on="WITH_JOB_PARAMS" 
			to="getGSTR1AB2bData" /> <batch:end on="*" /> </batch:decision> -->

		<batch:step id="getGstinTaxPeriodData">
			<batch:tasklet ref="getGstinTaxPeriodTasklet" />    <!-- Getting data based on P, 4, Inward. Do we need to add this step? -->
			<batch:end on="NOOP" />
			<batch:next on="*" to="getGSTR1AB2bData" />
		</batch:step>

		<!-- get and Save B2b Data -->
		<batch:step id="getGSTR1AB2bData">
			<batch:tasklet ref="getGSTR1AB2bDetailsTasklet" />
			<batch:end on="NOOP" />
			<batch:next on="*" to="saveGSTR1AB2bDetails" />
		</batch:step>
		<batch:step id="saveGSTR1AB2bDetails" next="getGSTR1AB2baData">
			<batch:tasklet ref="saveGSTR1AB2bDetailsTasklet" />
		</batch:step>


		<!-- get and Save B2bA Data -->
		<batch:step id="getGSTR1AB2baData">
			<batch:tasklet ref="getGSTR1AB2baDetailsTasklet" />
			<batch:end on="NOOP" />
			<batch:next on="*" to="saveGSTR1AB2baData" />
		</batch:step>
		<batch:step id="saveGSTR1AB2baData" next="getGSTR1ACdnData">
			<batch:tasklet ref="saveGSTR1AB2baDetailsTasklet" />
		</batch:step>
		<!-- get and Save CDN Data -->
		<batch:step id="getGSTR1ACdnData">
			<batch:tasklet ref="getGSTR1ACdnDetailsTasklet" />
			<batch:end on="NOOP" />
			<batch:next on="*" to="saveGSTR1ACdnData" />
		</batch:step>
		<batch:step id="saveGSTR1ACdnData" next="getGSTR1ACdnaData">
			<batch:tasklet ref="saveGSTR1ACdnDetailsTasklet" />
		</batch:step>

		<!-- get and Save CDNA Data -->

		<batch:step id="getGSTR1ACdnaData">
			<batch:tasklet ref="getGSTR1ACdnaDetailsTasklet" />
			<batch:end on="NOOP" />
			<batch:next on="*" to="saveGSTR1ACdnaData" />
		</batch:step>
		<batch:step id="saveGSTR1ACdnaData">  <!-- next="updateGSTR2AStatus" -->
			<batch:tasklet ref="saveGSTR1ACdnaDetailsTasklet" />
		</batch:step>

		<!-- <batch:step id="updateGSTR2AStatus"> <batch:tasklet transaction-manager="transactionManager" 
			ref="updateGSTR2AStatusTasklet" /> </batch:step> <batch:listeners> <batch:listener 
			ref="gstr2RoutingAndReconProcessJobListener" /> </batch:listeners> -->

	</batch:job>

	<!-- GSTR1A changes ends -->
	<!-- Save GSTR1 to GSTN on Frequency Basis Starts -->
	<batch:job id="savetransactionalGSTR1Gstn">
		<batch:step id="fetchGtinList" next="selectFiletransGstnOutward">
			<batch:tasklet ref="fetchGtinDetails" />
		</batch:step>
		<!-- <batch:decision id="decisionfetchtask" decider="fileInterfaceDecider"> 
			<batch:next on="COMPLETED" to="selectFiletransGstnOutward" /> <batch:end 
			on="STOPPED" /> </batch:decision> -->
		<batch:step id="selectFiletransGstnOutward" next="SimpleTriggerfortransSaveGSTR1">
			<batch:tasklet ref="fileInterfaceToGstnTasklet" />
		</batch:step>
		<!-- <batch:decision id="decisionRetStatustask" decider="fileInterfaceRetStatusDecider"> 
			<batch:next on="COMPLETED" to="SimpleTriggerfortransSaveGSTR1" /> <batch:end 
			on="STOPPED" /> </batch:decision> -->
		 <batch:step id="SimpleTriggerfortransSaveGSTR1"> <batch:tasklet ref="simpleTriggerGetStatusPollingSaveTasklet"/>
		  </batch:step> 
		<batch:listeners>
			<batch:listener ref="gstr1SaveTransactionalJobListener" />
		</batch:listeners>
	</batch:job>
	<!-- Save GSTR1 to GSTN on Frequency Basis Ends -->

	<!-- Save GSTR1 to GSTN on Summary Basis Starts -->
	<batch:job id="saveSummaryGSTR1Gstn" >
	<batch:step id="fetchGtinListSummary" >
			<batch:tasklet ref="fileSummaryInterfaceToGstnTasklet" />
		</batch:step>
	</batch:job>
	<!-- Save GSTR1 to GSTN on Summary Basis Ends -->
	
	
	<!-- Save GSTR2 to GSTN on Frequency Basis Starts -->
	<batch:job id="savetransactionalGSTR2Gstn">
		<batch:step id="fetchGtinListGstr2" next="selectFiletransGstnInward">
			<batch:tasklet ref="fetchGtinDetails" />
		</batch:step>
		<!-- <batch:decision id="decisionfetchtaskGstr2" decider="fileInterfaceDecider">
			<batch:next on="COMPLETED" to="selectFiletransGstnInward" />
			<batch:end on="STOPPED" />
		</batch:decision> -->
		<batch:step id="selectFiletransGstnInward" next="SimpleTriggerfortransSaveGSTR2">
			<batch:tasklet ref="fileInterfaceToGstnTasklet">
			</batch:tasklet>
		</batch:step>
		<!-- <batch:decision id="decisionRetStatustaskGstr2" decider="fileInterfaceRetStatusDecider">
			<batch:next on="COMPLETED" to="SimpleTriggerfortransSaveGSTR2" />
			<batch:end on="STOPPED" />
		</batch:decision> -->
		<batch:step id="SimpleTriggerfortransSaveGSTR2">
			<batch:tasklet ref="scheduleCutomerSpecificTransactionIdPollingJob" />
		</batch:step>
		<batch:listeners>
			<batch:listener ref="gstr1SaveTransactionalJobListener" />
		</batch:listeners>
	</batch:job>
	<!-- Save GSTR2 to GSTN on Frequency Basis Ends -->

	<!-- get GSTR6A starts -->
	<batch:job id="getGSTR6AFromGSTN">

		<!-- <batch:decision id="gstr6adecision" decider="gstr6AFlowdecider"> <batch:next 
			on="WITHOUT_JOB_PARAMS" to="getGstinTaxPrdGSTR6AData" /> <batch:next on="WITH_JOB_PARAMS" 
			to="getB2bGSTR6AData" /> <batch:end on="*" /> </batch:decision> -->

		<batch:step id="getGstinTaxPrdGSTR6AData">
			<batch:tasklet ref="getGstinTaxPeriodTasklet" />
			<batch:end on="NOOP" />
			<batch:next on="*" to="getB2bGSTR6AData" />
		</batch:step>


		<!-- get and Save B2b Data -->
		<batch:step id="getB2bGSTR6AData">
			<batch:tasklet ref="getB2bDetailsGSTR6ATasklet" />
			<batch:end on="NOOP" />
			<batch:next on="*" to="saveB2bGSTR6AData" />
		</batch:step>
		<batch:step id="saveB2bGSTR6AData" next="getB2baGSTR6AData">
			<batch:tasklet ref="saveB2bDetailsGSTR6ATasklet" />
		</batch:step>


		<!-- get and Save B2bA Data -->
		<batch:step id="getB2baGSTR6AData">
			<batch:tasklet ref="getB2baDetailsGSTR6ATasklet" />
			<batch:end on="NOOP" />
			<batch:next on="*" to="saveB2baGSTR6AData" />
		</batch:step>
		<batch:step id="saveB2baGSTR6AData" next="getCdnGSTR6AData">
			<batch:tasklet ref="saveB2baDetailsGSTR6ATasklet" />
		</batch:step>
		<!-- get and Save CDN Data -->
		<batch:step id="getCdnGSTR6AData">
			<batch:tasklet ref="getCdnDetailsGSTR6ATasklet" />
			<batch:end on="NOOP" />
			<batch:next on="*" to="saveCdnGSTR6AData" />
		</batch:step>
		<batch:step id="saveCdnGSTR6AData" next="getCdnaGSTR6AData">
			<batch:tasklet ref="saveCdnDetailsGSTR6ATasklet" />
		</batch:step>

		<!-- get and Save CDNA Data -->

		<batch:step id="getCdnaGSTR6AData">
			<batch:tasklet ref="getCdnaDetailsGSTR6ATasklet" />
			<batch:end on="NOOP" />
			<batch:next on="*" to="saveCdnaGSTR6AData" />
		</batch:step>
		<batch:step id="saveCdnaGSTR6AData"> <!-- next="updateGSTR6AStatus" -->
			<batch:tasklet ref="saveCdnaDetailsGSTR6ATasklet" />
		</batch:step>

	</batch:job>
	<!-- get GSTR6A ends -->

	<!-- Transaction ID Polling starts -->
	
	<!-- Transaction ID Polling starts for save call -->

<!-- Transaction ID Polling starts for save call -->
	<batch:job id="transactionIDPolling">
		<batch:step id="transactionIDPollingStep" next="transactionIDPollingSimpleTriggerStep">
			<batch:tasklet transaction-manager="transactionManager">
				<batch:chunk reader="transactionIDPollingReader" writer="transactionIDPollingWriter"
					commit-interval="1" />            							     
			</batch:tasklet>
		</batch:step>
		<batch:step id="transactionIDPollingSimpleTriggerStep"
			next="simpleTriggerDecisionTask">
			<batch:tasklet ref="transactionIDPollingTasklet" />
		</batch:step>
		<batch:decision id="simpleTriggerDecisionTask" decider="simpleTriggerDecider">
			<batch:next on="ADD_SIMPLE_TRIGGER" to="simpleTriggerTrnxIDPollingStep" />
			<batch:end on="EXIT" />
		</batch:decision>
		<batch:step id="simpleTriggerTrnxIDPollingStep">
			<batch:tasklet ref="simpleTriggerGetStatusPollingSaveTasklet" />
		</batch:step>
		<batch:listeners>
			<batch:listener ref="gstr1SaveTransactionalJobListener" />
		</batch:listeners>
	</batch:job>
	<!-- Transaction ID Polling ends for save call -->
	
	
	<!-- Transaction ID Polling starts for submit call -->
	
		<batch:job id="transactionIDPollingSubmit">
		<batch:step id="transactionIDPollingStepSubmit" next="transactionIDPollingSimpleTriggerStepSubmit">
			<batch:tasklet transaction-manager="transactionManager">
				<batch:chunk reader="transactionIDPollingReaderSubmit" writer="transactionIDPollingWriterSubmit"
					commit-interval="1" />
			</batch:tasklet>
		</batch:step>
		<batch:step id="transactionIDPollingSimpleTriggerStepSubmit"
			next="simpleTriggerDecisionTaskSubmit">
			<batch:tasklet ref="transactionIDPollingSubmitTasklet" />
		</batch:step>
		<batch:decision id="simpleTriggerDecisionTaskSubmit" decider="simpleTriggerDecider">
			<batch:next on="ADD_SIMPLE_TRIGGER" to="simpleTriggerTrnxIDPollingStepSubmit" />
			<batch:end on="EXIT" />
		</batch:decision>
		<batch:step id="simpleTriggerTrnxIDPollingStepSubmit">
			<batch:tasklet ref="simpleTriggerGetStatusPollingSubmitTasklet" />
		</batch:step>
		<batch:listeners>
			<batch:listener ref="gstr1SaveTransactionalJobListener" />
		</batch:listeners>
	</batch:job>
	
	<!-- Transaction ID Polling ends for submit call -->
	

	<!-- Transaction ID Polling ends for submit call -->




	<batch:job id="summaryTransactionIDPolling">
		<batch:step id="summaryTransactionIDPollingStep"
			next="summaryTransactionIDPollingSimpleTriggerStep">
			<batch:tasklet transaction-manager="transactionManager">
				<batch:chunk reader="transactionIDPollingReader" writer="transactionIDPollingWriter"
					commit-interval="1" />
			</batch:tasklet>
		</batch:step>
		<batch:step id="summaryTransactionIDPollingSimpleTriggerStep"
			next="summarySimpleTriggerDecisionTask">
			<batch:tasklet ref="transactionIDPollingTasklet" />
		</batch:step>
		<batch:decision id="summarySimpleTriggerDecisionTask"
			decider="simpleTriggerDecider">
			<batch:next on="ADD_SIMPLE_TRIGGER" to="summarySimpleTriggerTrnxIDPollingStep" />
			<batch:end on="EXIT" />
		</batch:decision>
		<batch:step id="summarySimpleTriggerTrnxIDPollingStep">
			<batch:tasklet ref="summarySimpleTriggerTrnxIDPollingTasklet" />
		</batch:step>
		<batch:listeners>
			<batch:listener ref="gstr1SaveTransactionalJobListener" />
		</batch:listeners>
	</batch:job>

	<batch:job id="scheduleSimpleTriggerwithETA">
		<batch:step id="SimpleTriggersaveGSTR1Gstn">
			<batch:tasklet ref="dataFrequencySaveGSTNFile" />
		</batch:step>
	</batch:job>

	<!-- Transaction ID Polling ends -->
	
	<batch:job id="createMasterReturnPeriod">
		<batch:step id="generateReturnTypeAndDeActivateExisting" next="decideReturnFilingFlow">
			<batch:tasklet ref="createReturnPeriodTasklet" />
		</batch:step>
		<batch:decision id="decideReturnFilingFlow" decider="returnFilingDetailsDecider">
			<batch:next on="SEND_TO_RETURN_FILING_DETAILS" to="generateTriggerForJobName" />
			<batch:end on="EXIT" />
		</batch:decision>
		<batch:step id="generateTriggerForJobName">
			<batch:tasklet ref="createReturnFilingSimpleTriggersForEachActiveGroup" />
		</batch:step>
	</batch:job> 
	
	<batch:job id="createClientReturnFilingDetails">
		<batch:step id="createReturnFilingStep">
			<batch:tasklet transaction-manager="transactionManager">
				<batch:chunk reader="gstinDetailsReader" processor="gstinDetailsProcessor" writer="returnFilingDetailsWriter" 
					 commit-interval="10" />
			</batch:tasklet>
		</batch:step>
	</batch:job>
	
	<!-- ITC Computation Job starts -->
	<batch:job id="itcComputationJob">
		<batch:step id="getReturnPeriod" next="decideForITCComputation">
			<batch:tasklet ref="getCurrentReturnPeriodTasklet" />
		</batch:step>
		<batch:decision id="decideForITCComputation" decider="itcComputationDecider">
			<batch:next on="CONTINUE_ITC_COMPUTATION" to="createTriggerForITCComputation" />
			<batch:end on="EXIT" />
		</batch:decision>
		<batch:step id="createTriggerForITCComputation">
			<batch:tasklet ref="calcITCComputationForActiveGroup" />
		</batch:step>
	</batch:job>
	
	<batch:job id="computeITCForClient">
		<batch:step id="triggerClientITCComputeSp">
			<batch:tasklet ref="triggerComputeITCForClientSp" />
		</batch:step>
		<batch:listeners>
			<batch:listener ref="itcComputationJobListener" />
		</batch:listeners>
	</batch:job>
	
	<batch:job id="itcRevComputationJob">
		<batch:step id="getReturnPeriodForITCRev" next="decideForITCRevComputation">
			<batch:tasklet ref="getCurrentReturnPeriodTasklet" />
		</batch:step>
		<batch:decision id="decideForITCRevComputation" decider="itcComputationDecider">
			<batch:next on="CONTINUE_ITC_COMPUTATION" to="createTriggerForITCRevComputation" />
			<batch:end on="EXIT" />
		</batch:decision>
		<batch:step id="createTriggerForITCRevComputation">
			<batch:tasklet ref="calcITCRevComputationForActiveGroup" />
		</batch:step>
	</batch:job>
	
	<batch:job id="computeITCRevForClient">
		<batch:step id="triggerClientITCRevComputeSp">
			<batch:tasklet ref="triggerComputeITCRevForClientSp" />
		</batch:step>
		<batch:listeners>
			<batch:listener ref="itcComputationJobListener" />
		</batch:listeners>
	</batch:job>
	
	<!-- ITC Computation Job ends -->
	
	<!-- SMART Report Job starts -->
	
	<batch:job id="generateSmartReportForEachGroup">
		<batch:step id="createSmartReport">
			<batch:tasklet ref="generateSmartReportTasklet" />
			<batch:listeners>
			<batch:listener ref="updateTenantStatusStepListener" />
		</batch:listeners>
		</batch:step>
	</batch:job>
	
	<!-- SMART Report Job ends -->
	
	<!-- SMART Report 1FF Job starts -->
	
	<batch:job id="generateSmartReportForEachGstnGroup">
		<batch:step id="create1FFSmartReport">
			<batch:tasklet ref="generateSmartReport1FFTasklet" />
			<batch:listeners>
			<batch:listener ref="updateTenantStatusStepListener" />
		</batch:listeners>
		</batch:step>
	</batch:job>
	
	<!-- SMART Report 1FF Job ends -->
	
	<!-- GET GSTR2A File Details with Token Job Starts -->
	<batch:job id="getGstr2aFileDetailsFromGstn">
		<batch:step id="getFileDetailsStep">
			<batch:tasklet ref="getFileDetailsTasklet" />
			<batch:listeners>
			<batch:listener ref="updateTenantStatusStepListener" />
		</batch:listeners>
		</batch:step>
		
	</batch:job>
	
	<!-- GET GSTR1FF File Details with Token Job Starts -->
	<batch:job id="getGstr1FFTokenPolling">
		<batch:step id="get1FFFileDetailsStep">
			<batch:tasklet ref="getGstr1FFTokenPollingTasklet" />
			<batch:listeners>
			<batch:listener ref="updateTenantStatusStepListener" />
		</batch:listeners>
		</batch:step>
		
	</batch:job>
	<!-- GET GSTR2A File Details with Token Job ends -->
	
	<!-- GET GSTR6A File Details with Token Job Starts -->
	<batch:job id="getGstr6aFileDetailsFromGstn">
		<batch:step id="getFileDetailsStep6A">
			<batch:tasklet ref="getFileDetailsTasklet6A" />
			<batch:listeners>
				<batch:listener ref="updateTenantStatusStepListener" />
			</batch:listeners>
		</batch:step>
	</batch:job>
	<!-- GET GSTR6A File Details with Token Job ends -->
	
	<!-- Generate Json and Recon Job Starts -->
	<batch:job id="generateJsonForReconReport">
		<batch:step id="triggerSSISAndGenerateJsonStep">
			<batch:tasklet ref="triggerSSISAndGenerateRecon" />
		</batch:step>
	</batch:job> 
	<!-- Generate Json and Recon Job ends -->
	
	<!-- GET calls for TechRecon -->
	<batch:job id="techReconciliation">
		<batch:step id="techReconStep" next="techReconSimpleTriggerStep">
			<batch:tasklet transaction-manager="transactionManager">
				<batch:chunk reader="techReconReader" writer="techReconWriter"
					commit-interval="1" />            							     
			</batch:tasklet>
		</batch:step>
		<batch:step id="techReconSimpleTriggerStep"
			next="simpleTriggerDecisionStep">
			<batch:tasklet ref="techReconcilationtasklet" />
		</batch:step>
		<batch:decision id="simpleTriggerDecisionStep" decider="simpleTriggerDecider">
			<batch:next on="ADD_SIMPLE_TRIGGER" to="simpleTriggertechReconStep" />
			<batch:end on="EXIT" />
		</batch:decision>
		<batch:step id="simpleTriggertechReconStep">
			<batch:tasklet ref="simpleTriggerGetTechReconTasklet" />
		</batch:step>
		<batch:listeners>
			<batch:listener ref="gstr1SaveTransactionalJobListener" />
		</batch:listeners>
	</batch:job>
	
	<!-- END GET calls for TechRecon -->
</beans>  
