<?xml version="1.0" encoding="UTF-8"?>
<beans xmlns="http://www.springframework.org/schema/beans"
	xmlns:batch="http://www.springframework.org/schema/batch" xmlns:xsi="http://www.w3.org/2001/XMLSchema-instance"
	xsi:schemaLocation="http://www.springframework.org/schema/batch http://www.springframework.org/schema/batch/spring-batch-3.0.xsd
        http://www.springframework.org/schema/beans http://www.springframework.org/schema/beans/spring-beans-4.0.xsd"
	default-init-method="init">

	<!-- PROPERTY CONFIGURE -->
	<bean id="batchProps"
		class="org.springframework.beans.factory.config.PropertyPlaceholderConfigurer">
		<property name="ignoreUnresolvablePlaceholders" value="true" />
		<property name="location">
			<value>classpath:batch.properties</value>
		</property>
	</bean>
	<!-- stored job-meta in database -->
	<bean id="jobRepository"
		class="org.springframework.batch.core.repository.support.JobRepositoryFactoryBean">
		<property name="dataSource" ref="MasterDataSource" />
		<property name="transactionManager" ref="transactionManager" /> 
		<property name="databaseType" value="sqlserver" />
		<property name="isolationLevelForCreate" value="ISOLATION_REPEATABLE_READ"/>
	</bean>

	<!-- A BeanPostProcessor that registers Job beans with a JobRegistry. -->
	<bean id="jobRegistryBeanPostProcessor"
		class="org.springframework.batch.core.configuration.support.JobRegistryBeanPostProcessor">
		<property name="jobRegistry" ref="jobRegistry" />
	</bean>

	<!-- Register the jobs automatically -->
	<bean id="jobRegistry"
		class="org.springframework.batch.core.configuration.support.MapJobRegistry" />

	<!-- JobRepository and JobLauncher are configuration/setup classes <bean 
		id="jobRepository" class="org.springframework.batch.core.repository.support.MapJobRepositoryFactoryBean" 
		/> -->

	<bean id="jobLauncher"
		class="org.springframework.batch.core.launch.support.SimpleJobLauncher">
		<property name="jobRepository" ref="jobRepository" />
	</bean>


	<!--<bean id="asyncJobLauncher" class="org.springframework.batch.core.launch.support.SimpleJobLauncher"> 
		<property name="jobRepository" ref="jobRepository" /> <property name="taskExecutor"> 
		<bean class="org.springframework.core.task.SimpleAsyncTaskExecutor" /> </property> 
		</bean> -->

	<!-- -->

	<bean id="syncJobLauncher"
		class="org.springframework.batch.core.launch.support.SimpleJobLauncher">
		<property name="jobRepository" ref="jobRepository" />
		<property name="taskExecutor">
			<bean class="org.springframework.core.task.SyncTaskExecutor" />
		</property>
	</bean>

	<bean id="skipPolicy"
		class="org.springframework.batch.core.step.skip.AlwaysSkipItemSkipPolicy"
		scope="step" />

	<!-- Raw file details related beans -->
	

	<bean id="triggerPollingMasterSp" class="com.ey.advisory.asp.batch.tasklet.MasterSpTasklet"
		scope="step">
		<property name="storedProcName" value="${job.scheduleRawFile.spName}" />
	 	<property name="outputParamsCount" value="${job.scheduleRawFile.outputParamsCount}" />
	</bean>
	
	<bean id="scheduleClientRawFile" class="com.ey.advisory.asp.batch.writer.ScheduleClientRawFile"
		scope="step">
		<property name="outwardJob" value="${job.outward.processRawFile.quartzJobName}" />
		<property name="inwardJob" value="${job.inward.processRawFile.quartzJobName}" />
		<property name="repeatCount" value="${job.outward.processRawFile.repeatCount}" />
		<property name="repeatInterval" value="${job.outward.processRawFile.repeatInterval}" />
		<property name="id" value="${fileId}" />
		<property name="code" value="${groupCode}" />
	</bean>
	
	<bean id="getClientRawFileList" class="com.ey.advisory.asp.batch.reader.ClientRawFileReader" scope="step">
		<property name="storedProcName" value="${job.scheduleRawFile.spName}" />
	</bean>
	
	<!-- Job to handle Asp-Storm count logic failure -->
	<bean id="scheduleTimeoutAndPresistPart1" class="com.ey.advisory.asp.batch.tasklet.PollRedisAndTriggerTasklet"
		scope="step">		
		<property name="jobName" value="${job.common.timeoutAndPresistPart2}" />
		<property name="repeatCount" value="${job.common.timeoutAndPresistPart1.repeatCount}" />
		<property name="repeatInterval" value="${job.common.timeoutAndPresistPart1.repeatInterval}" />	
		<property name="timedOutRetryCnt" value="${pollRedis.timedout.retrycount}" />
		<property name="id" value="${fileId}" />			
		<!-- <property name="timeoutThrusHold" value="${timeout.thrusHold.inSeconds}" />	 -->
	</bean>
	
	<bean id="scheduleTimeoutAndPresistPart2" class="com.ey.advisory.asp.batch.tasklet.TimeoutAndPersistRedisToDBTasklet"
		scope="step">
		
	</bean>	
	
	<bean id="jedisConnectionUtil" class="com.ey.advisory.asp.batch.redis.JedisConnectionUtil2" init-method="initIt">	
			 <property name="password" value="${redis.password}" />
			 <property name="hostname" value="${redis.hostname}" />
			 <property name="poolMaxActive" value="${redis.pool.maxActive}" />
			 <property name="poolMaxIdle" value="${redis.pool.maxIdle}" />
			 <property name="poolMaxWait" value="${redis.pool.maxWait}" />
			 <property name="testOnBorrow" value="${redis.pool.testOnBorrow}" />
			 <property name="timeOut" value="${redis.pool.timeout}" />	
			 <property name="port" value="${redis.port}" />
	</bean>	
	<!-- Job to handle Asp-Storm count logic failure -->
	
	<bean id="triggerPollingOutwardClientSp" class="com.ey.advisory.asp.batch.tasklet.ClientSpTasklet"
		scope="step">
		<property name="inputParams">
			<list>
				<value>#{jobParameters['fileId']}</value>
			</list>
		</property>
		<property name="storedProcSchema" value="${job.scheduleRawFile.spSchemaName}" />
		<property name="storedProcName" value="${job.processRawFile.spName}" />
		<property name="outputParamsCount" value="${job.processRawFile.spOutputParamsCount}" />
		<property name="inputParamsCount" value="${job.processRawFile.spInputParamsCount}" />
	</bean>

	<bean id="triggerETLOutwardStagingPkgSP" class="com.ey.advisory.asp.batch.tasklet.ETLSpTasklet"
		scope="step">
		<property name="storedProcSchema" value="${job.processRawFile.spSchemaName}" />
		<property name="storedProcName" value="${job.processRawFile.TriggerspName}" />
		<property name="inputParamsCount" value="${job.processRawFile.spInputParamsCount}" />
		<property name="inputParams" value="#{jobExecutionContext['outputParamList']}" />
	</bean>
	
	<bean id="triggerPollingInwardClientSp" class="com.ey.advisory.asp.batch.tasklet.ClientSpTasklet"
		scope="step">
		<property name="inputParams">
			<list>
				<value>#{jobParameters['fileId']}</value>
			</list>
		</property>
		<property name="storedProcSchema" value="${job.scheduleRawFile.spSchemaName}" />
		<property name="storedProcName" value="${job.processRawFile.spName}" />
		<property name="outputParamsCount" value="${job.processRawFile.spOutputParamsCount}" />
		<property name="inputParamsCount" value="${job.processRawFile.spInputParamsCount}" />
	</bean>

	<bean id="triggerETLInwardStagingPkgSP" class="com.ey.advisory.asp.batch.tasklet.ETLSpTasklet"
		scope="step">
		<property name="storedProcSchema" value="${job.processRawFile.spSchemaName}" />
		<property name="storedProcName" value="${job.processRawFile.TriggerspName}" />
		<property name="inputParamsCount" value="${job.processRawFile.spInputParamsCount}" />
		<property name="inputParams" value="#{jobExecutionContext['outputParamList']}" />
	</bean>
	
	<!-- File to GSTN related beans GSTR1/Outward -->
	<bean id="fileInterfaceToGstnOutwardReader" class="com.ey.advisory.asp.batch.reader.SalesFileStatusReader"
		scope="step">
		<property name="rowCount" value="${job.processFileToGstn.rowCount}" />
		<property name="jobStatus" value="${job.processFileToGstn.jobStatus}"></property>
		<property name="isProcessed" value="${job.processFileToGstn.isProcessed}"></property>
		<property name="fileData" value="${job.fileDataOutward}"></property>
	</bean>

	<bean id="fileInterfaceToGstnOutwardWriter" class="com.ey.advisory.asp.batch.writer.SalesFileStatusWriter"
		scope="step">
		<property name="storedProcName" value="${job.processFileToGstn.spNameOutward}" />
		<property name="storedProcSchema" value="${job.processFileToGstn.spSchemaNameOutward}" />
		<property name="inputParamsCount" value="${job.processFileToGstn.spInputParamsCount}" />
		<property name="isProcessed" value="${job.processFileToGstn.updateIsProcessedTo}" />
		<property name="jobStatus" value="${job.processFileToGstn.updateJobStatusTo}" />
	</bean>

	<bean id="fileInterfaceToGstnOutwardSkipListener"
		class="com.ey.advisory.asp.batch.listener.SalesFileStatusSkipListener"
		scope="step">
		<property name="jobStatus" value="${job.processFileToGstn.jobStatus}"></property>
		<property name="isProcessed" value="${job.processFileToGstn.isProcessed}"></property>
	</bean>

	<!-- File to GSTN GSTR2/Inward related beans -->
	<bean id="fileInterfaceToGstnInwardReader" class="com.ey.advisory.asp.batch.reader.SalesFileStatusReader"
		scope="step">
		<property name="rowCount" value="${job.processFileToGstn.rowCount}" />
		<property name="jobStatus" value="${job.processFileToGstn.jobStatus}"></property>
		<property name="isProcessed" value="${job.processFileToGstn.isProcessed}"></property>
		<property name="fileData" value="${job.fileDataInward}"></property>
	</bean>

	<bean id="fileInterfaceToGstnInwardWriter" class="com.ey.advisory.asp.batch.writer.SalesFileStatusWriter"
		scope="step">
		<property name="storedProcName" value="${job.processFileToGstn.spNameInward}" />
		<property name="storedProcSchema" value="${job.processFileToGstn.spSchemaNameInward}" />
		<property name="inputParamsCount" value="${job.processFileToGstn.spInputParamsCount}" />
		<property name="isProcessed" value="${job.processFileToGstn.updateIsProcessedTo}" />
		<property name="jobStatus" value="${job.processFileToGstn.updateJobStatusTo}" />
	</bean>

	<bean id="fileInterfaceToGstnInwardSkipListener"
		class="com.ey.advisory.asp.batch.listener.SalesFileStatusSkipListener"
		scope="step">
		<property name="jobStatus" value="${job.processFileToGstn.jobStatus}"></property>
		<property name="isProcessed" value="${job.processFileToGstn.isProcessed}"></property>
	</bean>
	
	<bean id="gstr2ReconReader" class="com.ey.advisory.asp.batch.reader.Gstr2ReadyToReconFileGstnReader" scope="step"/>
	
	<bean id="gstr2ReconTableWriter" class="com.ey.advisory.asp.batch.writer.Gstr2ReconTableWriter" scope="step">
		<property name="storedProcName" value="${job.reconciliationProcess.spName}" />
		<property name="storedProcSchema" value="${job.reconciliationProcess.spSchemaName}" />
	</bean>
			
	<bean id="updateStatusJobListener" class="com.ey.advisory.asp.batch.listener.UpdateStatusJobListener"/>

	
	<!-- Step will need a transaction manager -->
	<!-- <bean id="transactionManager" class="org.springframework.batch.support.transaction.ResourcelessTransactionManager" 
		/> -->
 
	<bean id="clientManagedDynaScheduler"
		class="com.ey.advisory.asp.quartz.dynamicScheduler.DynamicScheduler" />

	<bean id="systemClientDynaScheduler"
		class="com.ey.advisory.asp.quartz.dynamicScheduler.DynamicScheduler" />

	<bean id="systemClientDynamicScheduler"
		class="com.ey.advisory.asp.quartz.dynamicScheduler.SystemClientDynamicScheduler" />

      <bean id="clientManagedDynamicScheduler"
		class="com.ey.advisory.asp.quartz.dynamicScheduler.ClientManagedDynamicScheduler" />

	<bean id="autowireSpringBeanHelper" class="com.ey.advisory.asp.batch.AutowireSpringBeanHelper"
		factory-method="getInstance" />

	<bean id="routingGstr1Tasklet" class="com.ey.advisory.asp.batch.tasklet.GenericTasklet">
		<property name="jobStatus" value="${job.routingGstr.jobStatus}" />
		<property name="isProcessed" value="${job.routingGstr.isProcessed}" />
		<property name="fileData" value="${job.routingGstr.fileDataOutward}" />
		<property name="storedProcName" value="${job.routingGstr1.spName}" />
		<property name="storedProcSchema" value="${job.routingGstr.spSchemaName}" />
		<property name="inputParamsCount" value="${job.routingGstr.spInputParamsCount}" />
		<property name="updateJobStatusTo" value="${job.routingGstr.jobStatusTo}" />
		<property name="updateIsProcessedTo" value="${job.routingGstr.isProcessedTo}" />
	</bean>

	<bean id="routingGstr2Tasklet" class="com.ey.advisory.asp.batch.tasklet.GenericTasklet">
		<property name="jobStatus" value="${job.routingGstr.jobStatus}" />
		<property name="isProcessed" value="${job.routingGstr.isProcessed}" />
		<property name="fileData" value="${job.routingGstr.fileDataInward}" />
		<property name="storedProcName" value="${job.routingGstr2.spName}" />
		<property name="storedProcSchema" value="${job.routingGstr.spSchemaName}" />
		<property name="inputParamsCount" value="${job.routingGstr.spInputParamsCount}" />
		<property name="updateJobStatusTo" value="${job.routingGstr.jobStatusTo}" />
		<property name="updateIsProcessedTo" value="${job.routingGstr.isProcessedTo}" />
	</bean>

	<bean id="reconciliationProcessGstr2Tasklet"
		class="com.ey.advisory.asp.batch.tasklet.Gstr2ReconcilationTasklet">
		<property name="jobStatus" value="${job.reconciliationProcess.jobStatus}" />
		<property name="isProcessed" value="${job.reconciliationProcess.isProcessed}" />
		<property name="fileData" value="${job.reconciliationProcess.fileDataInward}" />
		<property name="storedProcName" value="${job.reconciliationProcess.spName}" />
		<property name="storedProcSchema" value="${job.reconciliationProcess.spSchemaName}" />
		<property name="inputParamsCount"
			value="${job.reconciliationProcess.spInputParamsCount}" />
		<property name="updateJobStatusTo" value="${job.routingGstr.jobStatusTo}" />
		<property name="updateIsProcessedTo" value="${job.routingGstr.isProcessedTo}" />
	</bean>

	<bean id="getGstinTaxPrdTasklet" class="com.ey.advisory.asp.batch.tasklet.GetGstinTaxPrdTasklet">
		<property name="jobStatus" value="${job.gstr2a.jobStatus}" />
		<property name="isProcessed" value="${job.gstr2a.isProcessed}" />
		<property name="fileData" value="${job.gstr2a.fileDataInward}" />
	</bean>


	<bean id="transactionStatusWriter"
		class="com.ey.advisory.asp.batch.writer.TransactionStatusWriter"
		scope="step"></bean>
	<bean id="transactionStatusProcessor"
		class="com.ey.advisory.asp.batch.processor.TransactionStatusProcessor"
		scope="step" />
	<bean id="invoiceTransactionReader"
		class="org.springframework.batch.item.database.HibernateCursorItemReader"
		scope="step">
		<property name="queryString" value="${job.invoice.transactionDetails.query}" />
		<property name="sessionFactory" ref="sessionFactory" />
	</bean>

	<bean id="gstr1SaveTransactionalJobListener" class="com.ey.advisory.asp.batch.listener.Gstr1SaveTransactionalJobListener"></bean>
	
	<bean id="processTenantDynamicJobTasklet" class="com.ey.advisory.asp.batch.tasklet.ProcessTenantDynamicJobTasklet" scope="step">
	</bean>
	
	
	<!-- <bean id="sendToNodeDetails"
		class="com.ey.advisory.asp.batch.tasklet.SendToNodeDetailsTasklet"
		scope="step"></bean>
	<bean id="sendToNodeDecider"
		class="com.ey.advisory.asp.batch.tasklet.SendToNodeDeciderTasklet"></bean> -->
	<!-- Bean related Job to get InvoiceCount/LineItem Count from Sales Staging 
		Table End -->

	<!-- Bean related Job to get B2B Data from GSTN and Save GSTR2A Starts -->
	<bean id="getB2bDetailsTasklet"
		class="com.ey.advisory.asp.batch.tasklet.GetGStr2ADetailsTasklet"
		scope="step">
		<property name="type" value="${job.getB2bData.type}" />
	</bean>
	<bean id="saveB2bDetailsTasklet" class="com.ey.advisory.asp.batch.tasklet.SaveGSTR2ATasklet"
		scope="step">
		<property name="storedProcName" value="${job.saveGstr2AB2bData.storedProcName}" />
		<property name="storedProcSchema" value="${job.businessType.spSchemaName}" />
		<property name="inputParamsCount" value="${job.saveGstr2AB2bData.inputParamsCount}" />
		<property name="inputParamMap" value="#{jobExecutionContext['outputParamMap']}" />
	</bean>
	<bean id="updateGSTR2AStatusTasklet"
		class="com.ey.advisory.asp.batch.tasklet.UpdateGSTR2AStatusTasklet"
		scope="step">
		<property name="inputParamMap" value="#{jobExecutionContext['outputParamMap']}" />
	</bean>
	<!-- Bean related Job to get B2B Data from GSTN and Save GSTR2A END -->

	<!-- Bean related Job to get B2BA Data from GSTN and Save GSTR2A Starts -->
	<bean id="getB2baDetailsTasklet"
		class="com.ey.advisory.asp.batch.tasklet.GetGStr2ADetailsTasklet"
		scope="step">
		<property name="type" value="${job.getB2bAData.type}" />

	</bean>
	<bean id="saveB2baDetailsTasklet" class="com.ey.advisory.asp.batch.tasklet.SaveGSTR2ATasklet"
		scope="step">
		<property name="storedProcName" value="${job.saveGstr2AB2baData.storedProcName}" />
		<property name="storedProcSchema" value="${job.businessType.spSchemaName}" />
		<property name="inputParamsCount" value="${job.saveGstr2AB2baData.inputParamsCount}" />
		<property name="inputParamMap" value="#{jobExecutionContext['outputParamMap']}" />
	</bean>
	<!-- Bean related Job to get B2BA Data from GSTN and Save GSTR2A END -->

	<!-- Bean related Job to get CDN Data from GSTN and Save GSTR2A Starts -->
	<bean id="getCdnDetailsTasklet"
		class="com.ey.advisory.asp.batch.tasklet.GetGStr2ADetailsTasklet"
		scope="step">
		<property name="type" value="${job.getCDNData.type}" />
	</bean>
	<bean id="saveCdnDetailsTasklet" class="com.ey.advisory.asp.batch.tasklet.SaveGSTR2ATasklet"
		scope="step">
		<property name="storedProcName" value="${job.saveGstr2ACdnData.storedProcName}" />
		<property name="storedProcSchema" value="${job.businessType.spSchemaName}" />
		<property name="inputParamsCount" value="${job.saveGstr2ACdnData.inputParamsCount}" />
		<property name="inputParamMap" value="#{jobExecutionContext['outputParamMap']}" />
	</bean>
	<!-- Bean related Job to get CDN Data from GSTN and Save GSTR2A END -->

	<!-- Bean related Job to get CDNA Data from GSTN and Save GSTR2A Starts -->
	<bean id="getCdnaDetailsTasklet"
		class="com.ey.advisory.asp.batch.tasklet.GetGStr2ADetailsTasklet"
		scope="step">
		<property name="type" value="${job.getCDNAData.type}" />
	</bean>
	<bean id="saveCdnaDetailsTasklet" class="com.ey.advisory.asp.batch.tasklet.SaveGSTR2ATasklet"
		scope="step">
		<property name="storedProcName" value="${job.saveGstr2ACdnaData.storedProcName}" />
		<property name="storedProcSchema" value="${job.businessType.spSchemaName}" />
		<property name="inputParamsCount" value="${job.saveGstr2ACdnaData.inputParamsCount}" />
		<property name="inputParamMap" value="#{jobExecutionContext['outputParamMap']}" />
	</bean>
	<!-- Bean related Job to get CDNA Data from GSTN and Save GSTR2A END -->

	<bean id="triggerListener"
		class="com.ey.advisory.asp.batch.listener.SchedulerTriggerListener" />

	<!-- Bean related Job to get GSTR2-Gstn Error report END -->

	<bean id="gstinListReadytoMailReader"
		class="org.springframework.batch.item.database.HibernateCursorItemReader"
		scope="step">
		<property name="queryString" value="${job.gstr.recon.email.query}" />
		<property name="sessionFactory" ref="sessionFactory" />
	</bean>
	
		<!--  Inv Mapping Ready Email Functionality -->
	
	<bean id="gstinListforInvMappingReadytoMailReader"
		class="org.springframework.batch.item.database.HibernateCursorItemReader"
		scope="step">
		<property name="queryString" value="${job.gstr6.invmappingready.email.query}" />
		<property name="sessionFactory" ref="sessionFactory" />
	</bean>
	
	<!-- Bean related Job to get GSTR3-Gstn Details Start -->
	<!-- <bean id="getLedgerDetails" class="com.ey.advisory.asp.batch.tasklet.GetLiabCashITCDetailsSummaryTasklet" 
		scope="step"></bean> -->

	<bean id="updateMailStatusTasklet"
		class="com.ey.advisory.asp.batch.tasklet.UpdateMailStatusTasklet"
		scope="step">
		<property name="inputParamList" value="#{jobExecutionContext['notifiedGstinList']}" />
	</bean>

	<bean id="triggerStagingPkgSP" class="com.ey.advisory.asp.batch.tasklet.ETLSpTasklet"
		scope="step">
		<property name="storedProcName" value="${job.sendReconToNodeJs.TriggerspName}" />
		<property name="storedProcSchema" value="${job.sendReconToNodeJs.spSchemaName}" />
		<property name="inputParamsCount" value="${job.sendReconToNodeJs.spInputParamsCount}" />
		<property name="inputParams">
			<list>
				<value>${job.sendReconToNodeJs.inputParam}</value>
			</list>
		</property>

	</bean>
	<bean id="clientJobTriggerListener"
		class="com.ey.advisory.asp.quartz.listener.ClientJobTriggerListener" />
	

	<!-- get GSTR1 details from GSTN/STUBS starts -->

	<bean id="getDetailsFromGstnTasklet" class="com.ey.advisory.asp.batch.tasklet.GetGstrDetailsTasklet"
		scope="step">
		<property name="type" value="${job.getB2bData.type}" />
	</bean>
	<bean id="saveDetailsFromGstnTasklet" class="com.ey.advisory.asp.batch.tasklet.SaveGSTR2ATasklet"
		scope="step">
		<property name="storedProcName" value="${job.saveGstr2AB2bData.storedProcName}" />
		<property name="storedProcSchema" value="${job.businessType.spSchemaName}" />
		<property name="inputParamsCount" value="${job.saveGstr2AB2bData.inputParamsCount}" />
		<property name="inputParamMap" value="#{jobExecutionContext['outputParamMap']}" />
	</bean>

	<!-- get GSTR1 details from GSTN/STUBS ends -->

	<!-- GSTR1A changes starts -->

	<bean id="getGstinTaxPeriodTasklet"
		class="com.ey.advisory.asp.batch.tasklet.GetGSTR1AGstinTaxPrdTasklet">
	</bean>

	<bean id="getGSTR1AB2bDetailsTasklet"
		class="com.ey.advisory.asp.batch.tasklet.GetGSTR1ADetailsTasklet"
		scope="step">
		<property name="type" value="${job.getB2bData.type}" />
		<!-- <property name="gstrType" value="${job.getGSTR1AData.gstrType}"/> -->
	</bean>
	<bean id="saveGSTR1AB2bDetailsTasklet" class="com.ey.advisory.asp.batch.tasklet.SaveGSTR1ATasklet"
		scope="step">
		<property name="storedProcName" value="${job.saveGstr1AB2bData.storedProcName}" />
		<property name="storedProcSchema" value="${job.businessType.spSchemaName}" />
		<property name="inputParamsCount" value="${job.saveGstr1AData.inputParamsCount}" />
		<property name="inputParamMap" value="#{jobExecutionContext['outputParamMap']}" />
	</bean>

	<bean id="getGSTR1AB2baDetailsTasklet"
		class="com.ey.advisory.asp.batch.tasklet.GetGSTR1ADetailsTasklet"
		scope="step">
		<property name="type" value="${job.getB2bAData.type}" />
	</bean>
	<bean id="saveGSTR1AB2baDetailsTasklet" class="com.ey.advisory.asp.batch.tasklet.SaveGSTR1ATasklet"
		scope="step">
		<property name="storedProcName" value="${job.saveGstr1AB2baData.storedProcName}" />
		<property name="storedProcSchema" value="${job.businessType.spSchemaName}" />
		<property name="inputParamsCount" value="${job.saveGstr1AData.inputParamsCount}" />
		<property name="inputParamMap" value="#{jobExecutionContext['outputParamMap']}" />
	</bean>

	<bean id="getGSTR1ACdnDetailsTasklet"
		class="com.ey.advisory.asp.batch.tasklet.GetGSTR1ADetailsTasklet"
		scope="step">
		<property name="type" value="${job.getCDNData.type}" />
	</bean>
	<bean id="saveGSTR1ACdnDetailsTasklet" class="com.ey.advisory.asp.batch.tasklet.SaveGSTR1ATasklet"
		scope="step">
		<property name="storedProcName" value="${job.saveGstr1ACdnData.storedProcName}" />
		<property name="storedProcSchema" value="${job.businessType.spSchemaName}" />
		<property name="inputParamsCount" value="${job.saveGstr1AData.inputParamsCount}" />
		<property name="inputParamMap" value="#{jobExecutionContext['outputParamMap']}" />
	</bean>

	<bean id="getGSTR1ACdnaDetailsTasklet"
		class="com.ey.advisory.asp.batch.tasklet.GetGSTR1ADetailsTasklet"
		scope="step">
		<property name="type" value="${job.getCDNAData.type}" />
	</bean>
	<bean id="saveGSTR1ACdnaDetailsTasklet" class="com.ey.advisory.asp.batch.tasklet.SaveGSTR1ATasklet"
		scope="step">
		<property name="storedProcName" value="${job.saveGstr1ACdnaData.storedProcName}" />
		<property name="storedProcSchema" value="${job.businessType.spSchemaName}" />
		<property name="inputParamsCount" value="${job.saveGstr1AData.inputParamsCount}" />
		<property name="inputParamMap" value="#{jobExecutionContext['outputParamMap']}" />
	</bean>
	
	
	<!-- GSTR1A changes ends -->
	<!-- Save GSTR1 tfileInterfaceToGstnTaskleto GSTN on Daily Basis Starts-->
		<bean id="fetchGtinDetails"
		class="com.ey.advisory.asp.batch.tasklet.FetchGSTINListTasklet"
		scope="step"/>
		
	<bean id="fileInterfaceToGstnTasklet" class="com.ey.advisory.asp.batch.tasklet.FileInterfaceToGstnTasklet" scope="step">
	</bean>	
	

	
		
	<!-- Save GSTR1 to GSTN on Summary Basis Starts-->
	<bean id="fileSummaryInterfaceToGstnTasklet" class="com.ey.advisory.asp.batch.tasklet.FileSummaryInterfaceToGstnTasklet" scope="step">
		<property name="storedProcName" value="${job.processFileToGstn.spSummaryName}" />
		<property name="storedProcSchema" value="${job.processFileToGstn.spTransactionalSchemaName}" />
		<property name="inputParamsCount" value="${job.processFileToGstn.spInputParamsCount}" />
		<property name="threshold" value="${job.processFileToGstn.threshold}" />
		<property name="inputParams" value="#{jobExecutionContext['outputParams']}" />
	</bean>
			
	
	<!-- Bean related Job to get B2B Data from GSTN and Save GSTR6A Starts -->
	<bean id="getB2bDetailsGSTR6ATasklet"
		class="com.ey.advisory.asp.batch.tasklet.GetGStr6ADetailsTasklet"
		scope="step">
		<property name="type" value="${job.getB2bData.type}" />
	</bean>
	<bean id="saveB2bDetailsGSTR6ATasklet" class="com.ey.advisory.asp.batch.tasklet.SaveGSTR6ATasklet"
		scope="step">
		<property name="storedProcName" value="${job.saveGstr6AB2bData.storedProcName}" />
		<property name="storedProcSchema" value="${job.businessType.spSchemaName}" />
		<property name="inputParamsCount" value="${job.saveGstr6AData.inputParamsCount}" />
		<property name="inputParamMap" value="#{jobExecutionContext['outputParamMap']}" />
	</bean>
	<!-- Bean related Job to get B2B Data from GSTN and Save GSTR6A END -->

	<!-- Bean related Job to get B2BA Data from GSTN and Save GSTR6A Starts -->
	<bean id="getB2baDetailsGSTR6ATasklet"
		class="com.ey.advisory.asp.batch.tasklet.GetGStr6ADetailsTasklet"
		scope="step">
		<property name="type" value="${job.getB2bAData.type}" />

	</bean>
	<bean id="saveB2baDetailsGSTR6ATasklet" class="com.ey.advisory.asp.batch.tasklet.SaveGSTR6ATasklet"
		scope="step">
		<property name="storedProcName" value="${job.saveGstr6AB2bData.storedProcName}" />
		<property name="storedProcSchema" value="${job.businessType.spSchemaName}" />
		<property name="inputParamsCount" value="${job.saveGstr6AData.inputParamsCount}" />
		<property name="inputParamMap" value="#{jobExecutionContext['outputParamMap']}" />
	</bean>
	<!-- Bean related Job to get B2BA Data from GSTN and Save GSTR6A END -->

	<!-- Bean related Job to get CDN Data from GSTN and Save GSTR6A Starts -->
	<bean id="getCdnDetailsGSTR6ATasklet"
		class="com.ey.advisory.asp.batch.tasklet.GetGStr6ADetailsTasklet"
		scope="step">
		<property name="type" value="${job.getCDNData.type}" />
	</bean>
	<bean id="saveCdnDetailsGSTR6ATasklet" class="com.ey.advisory.asp.batch.tasklet.SaveGSTR6ATasklet"
		scope="step">
		<property name="storedProcName" value="${job.saveGstr6ACdnData.storedProcName}" />
		<property name="storedProcSchema" value="${job.businessType.spSchemaName}" />
		<property name="inputParamsCount" value="${job.saveGstr6AData.inputParamsCount}" />
		<property name="inputParamMap" value="#{jobExecutionContext['outputParamMap']}" />
	</bean>
	<!-- Bean related Job to get CDN Data from GSTN and Save GSTR6A END -->

	<!-- Bean related Job to get CDNA Data from GSTN and Save GSTR6A Starts -->
	<bean id="getCdnaDetailsGSTR6ATasklet"
		class="com.ey.advisory.asp.batch.tasklet.GetGStr6ADetailsTasklet"
		scope="step">
		<property name="type" value="${job.getCDNAData.type}" />
	</bean>
	<bean id="saveCdnaDetailsGSTR6ATasklet" class="com.ey.advisory.asp.batch.tasklet.SaveGSTR6ATasklet"
		scope="step">
		<property name="storedProcName" value="${job.saveGstr6ACdnaData.storedProcName}" />
		<property name="storedProcSchema" value="${job.businessType.spSchemaName}" />
		<property name="inputParamsCount" value="${job.saveGstr6AData.inputParamsCount}" />
		<property name="inputParamMap" value="#{jobExecutionContext['outputParamMap']}" />
	</bean>
	<!-- Bean related Job to get CDNA Data from GSTN and Save GSTR6A END -->
	
	<!-- Transaction ID Polling Start -->
	<bean id="transactionIDPollingReader" class="com.ey.advisory.asp.batch.reader.TransactionIDPollingReader" scope="step" />
	
	<bean id="transactionIDPollingWriter" class="com.ey.advisory.asp.batch.writer.TransactionIDPollingWriter" scope="step" />
	
	<bean id="transactionIDPollingTasklet" class="com.ey.advisory.asp.batch.tasklet.TransactionIDPollingTasklet" scope="step" />
	
	<!-- Transaction ID Polling Start for submit -->
	<bean id="transactionIDPollingReaderSubmit" class="com.ey.advisory.asp.batch.reader.TransactionPollingSubmitReader" scope="step" />
	
	<bean id="transactionIDPollingWriterSubmit" class="com.ey.advisory.asp.batch.writer.TransactionPollingSubmitWriter" scope="step" />
	<!-- Transaction ID Polling Start for submit-->
		
	<bean id="simpleTriggerTrnxIDPollingTasklet" class="com.ey.advisory.asp.batch.tasklet.ScheduleCustomerSpecificIterativeJobTasklet"
		scope="step">
		<property name="code" value="#{jobExecutionContext['groupCode']}" />
		<property name="jobName" value="${job.transactionIDPolling.quartzJobName}" />
		<property name="repeatCount" value="${job.transactionIDPolling.repeatCount}" />
		<property name="repeatInterval" value="${job.transactionIDPolling.repeatInterval}" />
	</bean> 
	
	<!-- <bean id="getJobPriorityListTasklet" class="com.ey.advisory.asp.batch.tasklet.FetchCustomerJobPriorityListTasklet">
		<property name="readCount" value="${numberOfJobsToRunInParallel}"/>
	</bean>	 -->
	<bean id ="fetchCustomerJobPriorityListTasklet" class="com.ey.advisory.asp.batch.tasklet.FetchCustomerJobPriorityListTasklet" />
	<bean id="unscheduleCustomerJobTasklet" class="com.ey.advisory.asp.batch.tasklet.UnscheduleCustomerSpecificIterativeJobTasklet"/>
	
	<bean id="scheduleCutomerSpecificJobWIthSimpleTrigger" class="com.ey.advisory.asp.batch.tasklet.ScheduleCustomerSpecificIterativeJobTasklet">
		<property name="code" value="${job.customerSpecificJob.groupCode}" />
		<property name="jobName" value="${job.customerSpecificJob.quartzJobName}" />
		<property name="repeatCount" value="${job.customerSpecificJob.repeatCount}" />
		<property name="repeatInterval" value="${job.customerSpecificJob.repeatInterval}" />	
	</bean>
	
	<bean id="scheduleCutomerSpecificTransactionIdPollingJob" class="com.ey.advisory.asp.batch.tasklet.ScheduleCustomerSpecificIterativeJobTasklet" 
	scope="step">
		<property name="code" value="#{jobExecutionContext['groupCode']}" />
		<property name="jobName" value="${job.scheduleSaveFile.quartzJobName}" />
		<property name="repeatCount" value="${job.customerSpecificTransactionIdPollingJob.repeatCount}" />
		<property name="repeatInterval" value="${job.customerSpecificTransactionIdPollingJob.repeatInterval}" />	
	</bean>
	
	<bean id="readJobPriorityList" class="com.ey.advisory.asp.batch.reader.GroupPriorityListReader" scope="step" />
	<bean id="scheduleCustomerJob" class="com.ey.advisory.asp.batch.writer.ScheduleCustomerSpecificJob" scope="step" >
		<property name ="jobName" value="${job.savetransactionalGSTR1Job}"/>
	</bean>
		
	<bean id="summarySimpleTriggerTrnxIDPollingTasklet" class="com.ey.advisory.asp.batch.tasklet.ScheduleCustomerSpecificIterativeJobTasklet"
		scope="step">
		<property name="code" value="#{jobExecutionContext['groupCode']}" />
		<property name="jobName" value="${job.summaryTransactionIDPolling.quartzJobName}" />
		<property name="repeatCount" value="${job.summaryTransactionIDPolling.repeatCount}" />
		<property name="repeatInterval" value="${job.summaryTransactionIDPolling.repeatInterval}" />	
	</bean>
	
		<bean id="dataFrequencySaveGSTNFile" class="com.ey.advisory.asp.batch.tasklet.ScheduleCustomerSpecificIterativeJobTasklet"
		scope="step">
		<property name="code" value="#{jobParameters['BATCH_TENANT_CONTEXT']}" />
		<property name="jobName" value="${job.dataFrequency.scheduleSaveFile.quartzJobName}" />
		<property name="repeatCount" value="${job.dataFrequency.scheduleSaveFile.repeatCount}" />
		<property name="repeatInterval" value="${job.dataFrequency.scheduleSaveFile.repeatInterval}" />
		</bean>
	
	<!-- Transaction ID Polling ends -->
	
	<!-- Beans related  to  createClientReturnFilingDetails in Starting of the month : Start-->

	<bean id="gstinDetailsReader"
		class="org.springframework.batch.item.database.HibernateCursorItemReader"
		scope="step">
		<property name="queryString" value="${job.gstn.details.query}" />
		<property name="sessionFactory" ref="sessionFactory" />
	</bean>
	<!-- Beans related  to  createClientReturnFilingDetails in Starting of the month : END-->
	
	<bean id="createReturnFilingSimpleTriggersForEachActiveGroup" class="com.ey.advisory.asp.batch.tasklet.CreateSimpleTriggersPerNodeAvailability"
		scope="step">
		<property name="jobName" value="${job.group.simpleTrigger.ClientReturnFiling.jobName}" />
		<property name="timeInterval" value="${job.group.simpleTrigger.ClientReturnFiling.timeInterval}" />
	</bean>
	
	<!-- ITC Computation tasklet starts -->
	
	<bean id="calcITCComputationForActiveGroup" class="com.ey.advisory.asp.batch.tasklet.CreateSimpleTriggersPerNodeAvailability"
		scope="step">
		<property name="jobName" value="${job.group.simpleTrigger.clientITCComputation.jobName}" />
		<property name="timeInterval" value="${job.group.simpleTrigger.clientITCComputation.timeInterval}" />
	</bean>
	
	<bean id="triggerComputeITCForClientSp" class="com.ey.advisory.asp.batch.tasklet.ClientSpTasklet"
		scope="step">
		<property name="inputParams">
			<list>
				<value>#{jobParameters['taxPeriod']}</value>
			</list>
		</property>
		<property name="storedProcSchema" value="${job.itcComputation.spSchemaName}" />
		<property name="storedProcName" value="${job.itcComputation.spName}" />
		<property name="outputParamsCount" value="${job.itcComputation.spOutputParamsCount}" />
		<property name="inputParamsCount" value="${job.itcComputation.spInputParamsCount}" />
	</bean>
	
	<bean id="calcITCRevComputationForActiveGroup" class="com.ey.advisory.asp.batch.tasklet.CreateSimpleTriggersPerNodeAvailability"
		scope="step">
		<property name="jobName" value="${job.group.simpleTrigger.clientITCRevComputation.jobName}" />
		<property name="timeInterval" value="${job.group.simpleTrigger.clientITCRevComputation.timeInterval}" />
	</bean>
	
	<bean id="triggerComputeITCRevForClientSp" class="com.ey.advisory.asp.batch.tasklet.ClientSpTasklet"
		scope="step">
		<property name="inputParams">
			<list>
				<value>#{jobParameters['taxPeriod']}</value>
			</list>
		</property>
		<property name="storedProcSchema" value="${job.itcRevComputation.spSchemaName}" />
		<property name="storedProcName" value="${job.itcRevComputation.spName}" />
		<property name="outputParamsCount" value="${job.itcRevComputation.spInputParamsCount}" />
		<property name="inputParamsCount" value="${job.itcRevComputation.spOutputParamsCount}" />
	</bean>
	<!-- ITC Computation tasklet end -->
	
	<!-- SMART Report Job starts -->
	
	<bean id="generateSmartReportTasklet" class="com.ey.advisory.asp.batch.tasklet.GenerateSmartReportTasklet"
		scope="step">
		<property name="resource" value="${job.smartReport.reportType.resource}" />
		<property name="group" value="#{jobParameters['BATCH_TENANT_CONTEXT']}" />
		<property name="reportId" value="#{jobParameters['reportId']}" /> 
	</bean>
	
	<!-- SMART Report Job ends -->
	
	<!-- SMART Report 1FF Job starts -->
	
	<bean id="generateSmartReport1FFTasklet" class="com.ey.advisory.asp.batch.tasklet.GenerateSmartReport1FFTasklet"
		scope="step">
		<property name="resource" value="${job.smartReport.1ffreportType.resource}" />
		<property name="group" value="#{jobParameters['BATCH_TENANT_CONTEXT']}" />
		<property name="reportId" value="#{jobParameters['reportId']}" /> 
	</bean>
	
	<!-- SMART Report 1FF Job ends -->
	
	<bean id="simpleTriggerGetStatusPollingSaveTasklet" class="com.ey.advisory.asp.batch.tasklet.ScheduleGetStatusJobTasklet"
		scope="step">
		<property name="code" value="#{jobExecutionContext['groupCode']}" />
		<property name="jobName" value="${job.saveTransactionIDPolling.quartzJobName}" />
		<property name="repeatCount" value="${job.saveTransactionIDPolling.repeatCount}" />
		<property name="repeatInterval" value="${job.saveTransactionIDPolling.repeatInterval}" />
	</bean>
	
		<bean id="simpleTriggerGetStatusPollingSubmitTasklet" class="com.ey.advisory.asp.batch.tasklet.ScheduleGetStatusJobTasklet"
		scope="step">
		<property name="code" value="#{jobExecutionContext['groupCode']}" />
		<property name="jobName" value="${job.submitTransactionIDPolling.quartzJobName}" />
		<property name="repeatCount" value="${job.submitTransactionIDPolling.repeatCount}" />
		<property name="repeatInterval" value="${job.submitTransactionIDPolling.repeatInterval}" />
	</bean>
	
	<bean id="transactionIDPollingSubmitTasklet" class="com.ey.advisory.asp.batch.tasklet.TransactionIDPollingSubmitTasklet" scope="step" />
	
	<bean id="getFileDetailsTasklet" class="com.ey.advisory.asp.batch.tasklet.MakeRestCallToAspAppTasklet" scope="step">
		<property name="resource" value="${job.gstr2A.getFileDetails.resource}" />
		<property name="group" value="#{jobParameters['BATCH_TENANT_CONTEXT']}" />
		<property name="taxPeriod" value="#{jobParameters['taxPeriod']}" />
		<property name="token" value="#{jobParameters['token']}" />
		<property name="gstin" value="#{jobParameters['gstin']}" />
		<property name="invoiceType" value="#{jobParameters['invoiceType']}" />
		<property name="hitCount" value="#{jobParameters['hitCount']}" />
	</bean>
	
	<!-- <GSTR 1FF -->	
	<bean id="getGstr1FFTokenPollingTasklet" class="com.ey.advisory.asp.batch.tasklet.MakeRestCallToAspAppTasklet1FF" scope="step">
		<property name="resource" value="${job.gstr1FF.getFileDetails.resource}" />
		<property name="group" value="#{jobParameters['BATCH_TENANT_CONTEXT']}" />
		<property name="taxPeriod" value="#{jobParameters['taxPeriod']}" />
		<property name="token" value="#{jobParameters['token']}" />
		<property name="gstin" value="#{jobParameters['gstin']}" />
		<property name="invoiceType" value="#{jobParameters['api']}" />
		<property name="hitCount" value="#{jobParameters['hitCount']}" />
	</bean>
	
	<!--6A download-->
	<bean id="getFileDetailsTasklet6A" class="com.ey.advisory.asp.batch.tasklet.MakeRestCallToAspAppTasklet6A" scope="step">
		<property name="resource" value="${job.gstr6A.getFileDetails.resource}" />
		<property name="group" value="#{jobParameters['BATCH_TENANT_CONTEXT']}" />
		<property name="taxPeriod" value="#{jobParameters['taxPeriod']}" />
		<property name="token" value="#{jobParameters['token']}" />
		<property name="gstin" value="#{jobParameters['gstin']}" />
		<property name="invoiceType" value="#{jobParameters['invoiceType']}" />
		<property name="hitCount" value="#{jobParameters['hitCount']}" />
	</bean>
	
	
	<bean id="gstr2ReconTasklet" class="com.ey.advisory.asp.batch.tasklet.Gstr2ReconTasklet" scope="step">
		<property name="taxPeriod" value="#{jobParameters['taxPeriod']}" />
		<property name="gstin" value="#{jobParameters['gstin']}" />
		<property name="masterId" value="#{jobParameters['masterId']}" /> 
		<property name="resource" value="${job.gstr2A.generateReconReport.resource}" />
		<property name="group" value="#{jobParameters['BATCH_TENANT_CONTEXT']}" />
	</bean>
	
		<!-- 6A recon -->
	<bean id="gstr6AReconTasklet" class="com.ey.advisory.asp.batch.tasklet.Gstr6AReconTasklet" scope="step">
		<property name="taxPeriod" value="#{jobParameters['taxPeriod']}" />
		<property name="gstin" value="#{jobParameters['gstin']}" />
		<property name="masterId" value="#{jobParameters['masterId']}" /> 
		<property name="resource" value="${job.gstr6A.generateReconReport.resource}" />
		<property name="group" value="#{jobParameters['BATCH_TENANT_CONTEXT']}" />
	</bean>
	
	<bean id="triggerSSISAndGenerateRecon" class="com.ey.advisory.asp.batch.tasklet.GenerateJsonForReconReportTasklet"
		scope="step">
		<property name="masterStoredProc" value="${job.generateJsonAndRecon.masterStoredProcName}" />
		<property name="etlStoredProc" value="${job.generateJsonAndRecon.etlStoredProcName}" />
		<property name="etlStoredProcSchema" value="${job.generateJsonAndRecon.etlspSchemaName}" />
		<property name="inputParamsCount" value="${job.generateJsonAndRecon.inputParamsCount}" />
	</bean>
	
	<!-- Get Calls for Tech Recon -->
	<bean id="techReconReader" class="com.ey.advisory.asp.batch.reader.TechReconReader" scope="step" >
	<property name="group" value="#{jobParameters['BATCH_TENANT_CONTEXT']}" />
	</bean>
	<bean id="techReconWriter" class="com.ey.advisory.asp.batch.writer.TechReconWriter" scope="step" >
	<!-- <property name="group" value="#{jobParameters['BATCH_TENANT_CONTEXT']}" /> -->
	</bean>
	
	<bean id="techReconcilationtasklet" class="com.ey.advisory.asp.batch.tasklet.TechReconTasklet" scope="step" />
	
	<bean id="simpleTriggerGetTechReconTasklet" class="com.ey.advisory.asp.batch.tasklet.ScheduleGetStatusJobTasklet"
		scope="step">
		<property name="code" value="#{jobExecutionContext['groupCode']}" />
		<property name="jobName" value="${job.techRecon.quartzJobName}" />
		<property name="repeatCount" value="${job.techRecon.repeatCount}" />
		<property name="repeatInterval" value="${job.techRecon.repeatInterval}" />
	</bean>
	
	<!-- Get Calls for Tech Recon -->
</beans>   