<?xml version="1.0" encoding="UTF-8"?>
<!DOCTYPE log4j:configuration PUBLIC "-//APACHE//DTD LOG4J 1.2//EN" "log4j.dtd">
<log4j:configuration xmlns:log4j="http://jakarta.apache.org/log4j/">

	<!-- Appenders -->
	<appender name="console" class="org.apache.log4j.ConsoleAppender">
		<!-- <param name="Target" value="System.out" /> -->
		<layout class="org.apache.log4j.PatternLayout">
			<param name="ConversionPattern" value="%-5p: %c - %m%n" />
		</layout>
	</appender>
	
	<appender name="FILE" class="org.apache.log4j.RollingFileAppender">
	    <param name="File" value="${catalina.base}/logs/ASP_BATCH.log"/>
	    <param name="MaxFileSize" value="100MB"/>
	    <param name="MaxBackupIndex" value="50"/>
	    <layout class="org.apache.log4j.PatternLayout">
            <param name="ConversionPattern"
                value="%d [%t] %5p (%F:%L) - %m%n"/>
        </layout>
	  </appender>
	
	<!-- Application Loggers -->
	<logger name="com.ey.advisory.asp">
		<level value="error" />
		<appender-ref ref="FILE"/>
	</logger>
	
	<!-- 3rdparty Loggers -->
	<logger name="org.springframework.core">
		<level value="error" />
	</logger>
	
	<logger name="org.springframework.beans">
		<level value="error" />
	</logger>
	
	<logger name="org.springframework.context">
		<level value="error" />
	</logger>
	
	<logger name="org.springframework.security">
		<level value="error" />
	</logger>
	

	<logger name="org.springframework.web">
		<level value="error" />
	</logger>
	<logger name="org.hibernate">
		<level value="error" />
	</logger>
	<!-- Root Logger -->
	<root>
		<priority value="error" />
		<appender-ref ref="FILE"/>
	</root>
	
</log4j:configuration>
