<?xml version="1.0" encoding="UTF-8"?>
<beans xmlns="http://www.springframework.org/schema/beans"
	xmlns:xsi="http://www.w3.org/2001/XMLSchema-instance" xmlns:context="http://www.springframework.org/schema/context" 
	xmlns:p="http://www.springframework.org/schema/p" 
	xsi:schemaLocation="http://www.springframework.org/schema/beans http://www.springframework.org/schema/beans/spring-beans-4.0.xsd
                http://www.springframework.org/schema/context http://www.springframework.org/schema/context/spring-context-4.0.xsd"
	default-init-method="init">

	<import resource="batch-config.xml" />

	<bean id="applicationContextUtil" class="com.ey.advisory.asp.batch.util.ApplicationContextUtil" />

	<!-- PROPERTY CONFIGURE -->
	<bean id="batchProps"
		class="org.springframework.beans.factory.config.PropertyPlaceholderConfigurer">
		<property name="ignoreUnresolvablePlaceholders" value="true" />
		<property name="location">
			<value>classpath:batch.properties</value>
		</property>
	</bean>


	<!-- get GSTR1 details from GSTN/STUBS starts -->

	<!-- <bean name="getGstr1DetailsFromGstnJob" class="org.springframework.scheduling.quartz.JobDetailFactoryBean"> 
		<property name="jobClass" value="com.ey.advisory.asp.quartz.QuartzJobLauncher" 
		/> <property name="group" value="${job.sysClient}" /> <property name="description" 
		value="Get GSTR1 Details From GSTN" /> <property name="jobDataMap"> <map> 
		<entry key="jobName" value="getGstr1DetailsFromGstn" /> </map> </property> 
		<property name="durability" value="true" /> </bean> <bean id="getGstr1DetailsFromGstnJobTrigger" 
		class="org.springframework.scheduling.quartz.CronTriggerFactoryBean"> <property 
		name="jobDetail" ref="getGstr1DetailsFromGstnJob" /> <property name="cronExpression" 
		value="0 0/1 * * * ?" /> </bean> -->

	<!-- get GSTR1 details from GSTN/STUBS ends -->
	<!-- Schedule Process Uploaded PR/SR -->
	<bean name="scheduleMasterRawFileJob"
		class="org.springframework.scheduling.quartz.JobDetailFactoryBean">
		<property name="jobClass" value="com.ey.advisory.asp.quartz.QuartzJobLauncher" />
		<property name="group" value="${job.sysClient}" />
		<property name="description" value="Schedule Uploaded Registers" />
		<property name="jobDataMap">
			<map>
				<entry key="jobName" value="scheduleMasterRawFile" />
			</map>
		</property>
		<property name="durability" value="true" />
	</bean>

	<bean id="scheduleMasterRawFileJobTrigger"
		class="org.springframework.scheduling.quartz.CronTriggerFactoryBean">
		<property name="jobDetail" ref="scheduleMasterRawFileJob" />
		<property name="cronExpression" value="0 0/2 * * * ?" />
	</bean>
	<!-- Schedule Uploaded PR/SR -->

	<!-- Process Uploaded PR/SR -->
	<bean name="processOutwardClientRawFileJob"
		class="org.springframework.scheduling.quartz.JobDetailFactoryBean">
		<property name="jobClass" value="com.ey.advisory.asp.quartz.QuartzJobLauncher" />
		<property name="group" value="${job.clientSpecific}" />
		<property name="description" value="Process Uploaded Outward Registers" />
		<property name="jobDataMap">
			<map>
				<entry key="jobName" value="processClientOutwardRawFile" />
			</map>
		</property>
		<property name="durability" value="true" />
	</bean>

	<!-- Job to handle Asp-Storm count logic failure -->
	<bean name="timeoutAndPersistRedisToDBPart1Job"
		class="org.springframework.scheduling.quartz.JobDetailFactoryBean">
		<property name="jobClass" value="com.ey.advisory.asp.quartz.QuartzJobLauncher" />
		<property name="group" value="${job.sysClient}" />
		<property name="description" value="Poll Redis and Trigger" />
		<property name="jobDataMap">
			<map>
				<entry key="jobName" value="timeoutAndPersistRedisToDBPart1" />
			</map>
		</property>
		<property name="durability" value="true" />
	</bean>

	<bean id="timeoutAndPersistRedisToDBPart1JobTrigger"
		class="org.springframework.scheduling.quartz.CronTriggerFactoryBean">
		<property name="jobDetail" ref="timeoutAndPersistRedisToDBPart1Job" />
		<property name="cronExpression" value="0 0/5 * * * ?" />
	</bean>


	<bean name="pollRedisAndSaveJob"
		class="org.springframework.scheduling.quartz.JobDetailFactoryBean">
		<property name="jobClass" value="com.ey.advisory.asp.quartz.QuartzJobLauncher" />
		<property name="group" value="${job.clientSpecific}" />
		<property name="description" value="Poll Redis and save to DB on Timeout" />
		<property name="jobDataMap">
			<map>
				<entry key="jobName" value="timeoutAndPersistRedisToDBPart2" />
			</map>
		</property>
		<property name="durability" value="true" />
	</bean>
	<!-- Job to handle Asp-Storm count logic failure -->

	<bean name="processInwardClientRawFileJob"
		class="org.springframework.scheduling.quartz.JobDetailFactoryBean">
		<property name="jobClass" value="com.ey.advisory.asp.quartz.QuartzJobLauncher" />
		<property name="group" value="${job.clientSpecific}" />
		<property name="description" value="Process Uploaded Inward Registers" />
		<property name="jobDataMap">
			<map>
				<entry key="jobName" value="processClientInwardRawFile" />
			</map>
		</property>
		<property name="durability" value="true" />
	</bean>

	<!-- <bean id="processRawFileJobTrigger" class="org.springframework.scheduling.quartz.CronTriggerFactoryBean"> 
		<property name="jobDetail" ref="processClientRawFileJob" /> <property name="cronExpression" 
		value="0 0/1 * * * ?" /> </bean> -->
	<!-- Process Uploaded PR/SR -->


	<!-- Process to apply the Second set of rules -->
	<bean name="processInvoiceLineItemCountJob"
		class="org.springframework.scheduling.quartz.JobDetailFactoryBean">
		<property name="jobClass" value="com.ey.advisory.asp.quartz.QuartzJobLauncher" />
		<property name="group" value="${job.clientSpecific}" />
		<property name="description" value="Apply Stage2 rules - GSTR1" />
		<property name="jobDataMap">
			<map>
				<entry key="jobName" value="processInvoiceLineItemCount" />
			</map>
		</property>
		<property name="durability" value="true" />
	</bean>

	<!-- <bean id="processInvoiceLineItemCountJobTrigger" class="org.springframework.scheduling.quartz.CronTriggerFactoryBean"> 
		<property name="jobDetail" ref="processInvoiceLineItemCountJob" /> <property 
		name="cronExpression" value="0 0/1 * * * ?" /> </bean> -->
	<!-- Process to apply the Second set of rules -->


	<!-- <bean name="interfaceFileToGstnOutwardJob" class="org.springframework.scheduling.quartz.JobDetailFactoryBean"> 
		<property name="jobClass" value="com.ey.advisory.asp.quartz.QuartzJobLauncher" 
		/> <property name="jobDataMap"> <map> <entry key="jobName" value="interfaceFileToGstnOutward" 
		/> </map> </property> <property name="durability" value="true" /> </bean> 
		<bean id="interfaceFileToGstnOutwardJobTrigger" class="org.springframework.scheduling.quartz.CronTriggerFactoryBean"> 
		<property name="jobDetail" ref="interfaceFileToGstnOutwardJob" /> <property 
		name="cronExpression" value="0 0/1 * * * ?" /> </bean> <bean name="generateErrorReportExcelJob" 
		class="org.springframework.scheduling.quartz.JobDetailFactoryBean"> <property 
		name="jobClass" value="com.ey.advisory.asp.quartz.QuartzJobLauncher" /> <property 
		name="jobDataMap"> <map> <entry key="jobName" value="generateErrorReportExcel" 
		/> <entry key="triggered" value="auto" /> </map> </property> <property name="durability" 
		value="true" /> </bean> <bean id="generateErrorReportExcelTrigger" class="org.springframework.scheduling.quartz.CronTriggerFactoryBean"> 
		<property name="jobDetail" ref="generateErrorReportExcelJob" /> <property 
		name="cronExpression" value="0 0/5 * * * ?" /> </bean> -->


	<!-- Poll the trans Id status -->
	<bean name="getInvoiceTransactionStatusGSTINJob"
		class="org.springframework.scheduling.quartz.JobDetailFactoryBean">
		<property name="jobClass" value="com.ey.advisory.asp.quartz.QuartzJobLauncher" />
		<property name="group" value="${job.clientSpecific}" />
		<property name="description" value="Poll Transaction Id Status" />
		<property name="jobDataMap">
			<map>
				<entry key="jobName" value="getInvoiceTransactionStatusGSTIN" />
				<entry key="triggered" value="auto" />
			</map>
		</property>
		<property name="durability" value="true" />
	</bean>
	<bean id="getInvoiceTransactionStatusGSTINJobTrigger"
		class="org.springframework.scheduling.quartz.CronTriggerFactoryBean">
		<property name="jobDetail" ref="getInvoiceTransactionStatusGSTINJob" />
		<property name="cronExpression" value="0 0/1 * * * ?" />
	</bean>
	<!-- Poll the trans Id status -->

	<!-- GSTR2 changes start <bean name="processRawFileInwardJob" class="org.springframework.scheduling.quartz.JobDetailFactoryBean"> 
		<property name="jobClass" value="com.ey.advisory.asp.quartz.QuartzJobLauncher" 
		/> <property name="jobDataMap"> <map> <entry key="jobName" value="processRawFileInward" 
		/> </map> </property> <property name="durability" value="true" /> </bean> 
		<bean id="processRawFileInwardJobTrigger" class="org.springframework.scheduling.quartz.CronTriggerFactoryBean"> 
		<property name="jobDetail" ref="processRawFileInwardJob" /> <property name="cronExpression" 
		value="0 0/5 * * * ?" /> </bean> -->
	<!-- GSTR2 changes end -->


	<!-- Sprint 3 changes starts <bean name="routingGstr1Job" class="org.springframework.scheduling.quartz.JobDetailFactoryBean"> 
		<property name="jobClass" value="com.ey.advisory.asp.quartz.QuartzJobLauncher" 
		/> <property name="jobDataMap"> <map> <entry key="jobName" value="routingGstr1" 
		/> </map> </property> <property name="durability" value="true" /> </bean> 
		<bean id="routingGstr1JobTrigger" class="org.springframework.scheduling.quartz.CronTriggerFactoryBean"> 
		<property name="jobDetail" ref="routingGstr1Job" /> <property name="cronExpression" 
		value="0 0/5 * * * ?" /> </bean> -->

	<!-- <bean name="routingGstr2Job" class="org.springframework.scheduling.quartz.JobDetailFactoryBean"> 
		<property name="jobClass" value="com.ey.advisory.asp.quartz.QuartzJobLauncher" 
		/> <property name="jobDataMap"> <map> <entry key="jobName" value="routingGstr2" 
		/> </map> </property> <property name="durability" value="true" /> </bean> 
		<bean id="routingGstr2JobTrigger" class="org.springframework.scheduling.quartz.CronTriggerFactoryBean"> 
		<property name="jobDetail" ref="routingGstr2Job" /> <property name="cronExpression" 
		value="0 0/5 * * * ?" /> </bean> -->

	<!-- Sprint 3 Changes end -->

	<!-- Get GSTR2A -->
	<bean name="getGSTR2AJob"
		class="org.springframework.scheduling.quartz.JobDetailFactoryBean">
		<property name="jobClass" value="com.ey.advisory.asp.quartz.QuartzJobLauncher" />
		<property name="group" value="${job.clientManaged}" />
		<property name="description" value="Get GSTR2A From GSTN" />
		<property name="jobDataMap">
			<map>
				<entry key="jobName" value="getGSTR2AFromGSTN" />
			</map>
		</property>
		<property name="durability" value="true" />
	</bean>

	<!-- Run the job every 1 minute <bean id="getGSTR2AJobTrigger" class="org.springframework.scheduling.quartz.CronTriggerFactoryBean"> 
		<property name="jobDetail" ref="getGSTR2AJob" /> <property name="cronExpression" 
		value="0 0/5 * * * ?" /> </bean> -->
	<!-- Get GSTR2A -->


	<!-- get GSTR1A starts -->

	<bean name="getGSTR1AJob"
		class="org.springframework.scheduling.quartz.JobDetailFactoryBean">
		<property name="jobClass" value="com.ey.advisory.asp.quartz.QuartzJobLauncher" />
		<property name="group" value="${job.sysClient}" />
		<property name="description" value="Get GSTR1A From GSTN" />
		<property name="jobDataMap">
			<map>
				<entry key="jobName" value="getGSTR1AFromGSTN" />
			</map>
		</property>
		<property name="durability" value="true" />
	</bean>

	<bean id="getGSTR1AJobTrigger"
		class="org.springframework.scheduling.quartz.CronTriggerFactoryBean">
		<property name="jobDetail" ref="getGSTR1AJob" />
		<property name="cronExpression" value="0 0 5 16 1/1 ? *" /> <!-- 0 0 5 16 1/1 ? * -->
	</bean>

	<!-- get GSTR1A ends -->

	<!-- GSTR2 - Business Reconciliation Process Job Start -->
	<bean name="reconciliationProcessGstr2Job"
		class="org.springframework.scheduling.quartz.JobDetailFactoryBean">
		<property name="jobClass" value="com.ey.advisory.asp.quartz.QuartzJobLauncher" />
		<property name="group" value="${job.clientManaged}" />
		<property name="description" value="GSTR2 Business Reconciliation Process" />
		<property name="jobDataMap">
			<map>
				<entry key="jobName" value="reconciliationProcessGstr2" />
			</map>
		</property>
		<property name="durability" value="true" />
	</bean>
	
	
	<!-- GSTR6A - Business Reconciliation Process Job Start -->
	<bean name="reconciliationProcessGstr6AJob"
		class="org.springframework.scheduling.quartz.JobDetailFactoryBean">
		<property name="jobClass" value="com.ey.advisory.asp.quartz.QuartzJobLauncher" />
		<property name="group" value="${job.clientManaged}" />
		<property name="description" value="GSTR6A Business Reconciliation Process" />
		<property name="jobDataMap">
			<map>
				<entry key="jobName" value="reconciliationProcessGstr6A" />
			</map>
		</property>
		<property name="durability" value="true" />
	</bean>
	
	<!-- <bean id="reconciliationProcessGstr2JobTrigger" class="org.springframework.scheduling.quartz.CronTriggerFactoryBean"> 
		<property name="jobDetail" ref="reconciliationProcessGstr2Job" /> <property 
		name="cronExpression" value="0 0/5 * * * ?" /> </bean> -->
	<!-- GSTR2 - Business Reconciliation Process Job End -->

	<!-- GSTR2 - Save to GSTN -->
	<bean name="saveGSTR2GSTNJob"
		class="org.springframework.scheduling.quartz.JobDetailFactoryBean">
		<property name="jobClass" value="com.ey.advisory.asp.quartz.QuartzJobLauncher" />
		<property name="group" value="${job.clientManaged}" />
		<property name="description" value="Save GSTR2 to GSTN" />
		<property name="jobDataMap">
			<map>
				<entry key="jobName" value="interfaceFileToGstnInward" />
			</map>
		</property>
		<property name="durability" value="true" />
	</bean>
	<!--<bean id="interfaceFileToGstnInwardJobTrigger" class="org.springframework.scheduling.quartz.CronTriggerFactoryBean"> 
		<property name="jobDetail" ref="saveGSTR2GSTNJob" /> <property name="cronExpression" 
		value="0 0/5 * * * ?" /> </bean> -->
	<!-- GSTR2 - Save to GSTN -->

	<!-- Generate GSTR1 - with GSTIN & Return Period as params Start -->
	<!-- <bean name="generateGstr1GstnReportExcelJob" class="org.springframework.scheduling.quartz.JobDetailFactoryBean"> 
		<property name="jobClass" value="com.ey.advisory.asp.quartz.QuartzJobLauncher" 
		/> <property name="jobDataMap"> <map> <entry key="jobName" value="generateGstr1GstnReportExcel" 
		/> </map> </property> <property name="durability" value="true" /> </bean> 
		<bean id="generateGstr1GstnReportExcelJobTrigger" class="org.springframework.scheduling.quartz.CronTriggerFactoryBean"> 
		<property name="jobDetail" ref="generateGstr1GstnReportExcelJob" /> <property 
		name="cronExpression" value="0 0/5 * * * ?" /> </bean> -->
	<!-- Generate GSTR1 - with GSTIN & Return Period as params Start -->

	<!-- Save GSTR1 to GSTN -->
	<bean name="saveGSTR1DataJob"
		class="org.springframework.scheduling.quartz.JobDetailFactoryBean">
		<property name="jobClass" value="com.ey.advisory.asp.quartz.QuartzJobLauncher" />
		<property name="group" value="${job.clientManaged}" />
		<property name="description" value="Save GSTR1 to GSTN" />
		<property name="jobDataMap">
			<map>
				<entry key="jobName" value="saveGSTR1Data" />
			</map>
		</property>
		<property name="durability" value="true" />
	</bean>
	<!-- Save GSTR1 to GSTN -->

	<!-- Generate GSTR1-Gstn Job END -->

	<!-- Send EMAIL @12AM - For GSTR AND RECON Start -->
	<bean name="mailGstrAndReconReportJob"
		class="org.springframework.scheduling.quartz.JobDetailFactoryBean">
		<property name="jobClass" value="com.ey.advisory.asp.quartz.QuartzJobLauncher" />
		<property name="group" value="${job.clientManaged}" />
		<property name="description" value="EMAIL GSTR AND RECON Report" />
		<property name="jobDataMap">
			<map>
				<entry key="jobName" value="mailGstrAndReconReport" />
			</map>
		</property>
		<property name="durability" value="true" />
	</bean>

	<!-- Inv Mapping Ready Email Functionality Start -->
	<bean name="mailInvMappingReadyJob"
		class="org.springframework.scheduling.quartz.JobDetailFactoryBean">
		<property name="jobClass" value="com.ey.advisory.asp.quartz.QuartzJobLauncher" />
		<property name="group" value="${job.clientManaged}" />
		<property name="description" value="EMAIL INV MAPPING READY" />
		<property name="jobDataMap">
			<map>
				<entry key="jobName" value="mailInvMappingReady" />
			</map>
		</property>
		<property name="durability" value="true" />
	</bean>
	<!-- Inv Mapping Ready Email Functionality end -->

	<bean name="bifurcateGstr1DataJob"
		class="org.springframework.scheduling.quartz.JobDetailFactoryBean">
		<property name="jobClass" value="com.ey.advisory.asp.quartz.QuartzJobLauncher" />
		<property name="group" value="${job.sysClientDynamic}" />
		<property name="description" value="Bifurcate Gstr1 Data" />
		<property name="jobDataMap">
			<map>
				<entry key="jobName" value="bifurcateGstr1Data" />
			</map>
		</property>
		<property name="durability" value="false" />
	</bean>

	<!-- Simple Trigger, run every 5 minute -->
	<bean id="bifurcateJobTrigger"
		class="org.springframework.scheduling.quartz.SimpleTriggerFactoryBean">
		<property name="jobDetail" ref="bifurcateGstr1DataJob" />
		<property name="group" value="${job.sysClientDynamic}" />
		<property name="repeatInterval" value="300000" />
		<property name="repeatCount" value="100" />
	</bean>
	<!-- <bean id="mailGstrAndReconReportJobTrigger" class="org.springframework.scheduling.quartz.CronTriggerFactoryBean"> 
		<property name="jobDetail" ref="mailGstrAndReconReportJob" /> <property name="cronExpression" 
		value="0 0/3 * * * ?" /> </bean> -->
	<!-- Send EMAIL - For GSTR AND RECON END -->

	<bean name="processTenantDynamicJob"
		class="org.springframework.scheduling.quartz.JobDetailFactoryBean">
		<property name="jobClass" value="com.ey.advisory.asp.quartz.QuartzJobLauncher" />
		<property name="group" value="${job.sysClientDynamic}" />
		<property name="description" value="Process pending tenant dynamic jobs" />
		<property name="jobDataMap">
			<map>
				<entry key="jobName" value="processTenantJob" />
			</map>
		</property>
		<property name="durability" value="true" />
	</bean>

	<bean id="processTenantDynamicJobTrigger"
		class="org.springframework.scheduling.quartz.CronTriggerFactoryBean">
		<property name="jobDetail" ref="processTenantDynamicJob" />
		<property name="cronExpression" value="0 0/3 * * * ?" />
	</bean>

	<bean name="runCustomerSpecificJob"
		class="org.springframework.scheduling.quartz.JobDetailFactoryBean">
		<property name="jobClass" value="com.ey.advisory.asp.quartz.QuartzJobLauncher" />
		<property name="group" value="${job.sysClient}" />
		<property name="description" value="Run Customer Specific Job " />
		<property name="jobDataMap">
			<map>
				<entry key="jobName" value="runCustomerSpecificBatchJob" />
			</map>
		</property>
		<property name="durability" value="true" />
	</bean>

	<bean id="runCustomerSpecificJobTrigger"
		class="org.springframework.scheduling.quartz.CronTriggerFactoryBean">
		<property name="jobDetail" ref="runCustomerSpecificJob" />
		<property name="cronExpression" value="0 0 23 1/1 * ? *" />
	</bean>

	<bean name="runCustomerSpecificIterativeJob"
		class="org.springframework.scheduling.quartz.JobDetailFactoryBean">
		<property name="jobClass" value="com.ey.advisory.asp.quartz.QuartzJobLauncher" />
		<property name="group" value="${job.clientSpecific}" />
		<property name="description" value="Run Customer Specific Job " />
		<property name="jobDataMap">
			<map>
				<entry key="jobName" value="runCustomerSpecificIterativeBatchJob" />
			</map>
		</property>
		<property name="durability" value="true" />
	</bean>

	<bean id="systemClientJobShutdownHook" class="com.ey.advisory.asp.batch.SpringShutdownHook"
		p:scheduler-ref="systemClientJobScheduler" />

	<bean id="clientSpecificJobShutdownHook" class="com.ey.advisory.asp.batch.SpringShutdownHook"
		p:scheduler-ref="clientSpecificJobScheduler" />

	<bean id="clientManagedJobShutdownHook" class="com.ey.advisory.asp.batch.SpringShutdownHook"
		p:scheduler-ref="clientManagedJobScheduler" />

	<bean id="systemClientDynaJobShutdownHook" class="com.ey.advisory.asp.batch.SpringShutdownHook"
		p:scheduler-ref="systemClientDynaJobScheduler" />

	<bean id="systemClientJobScheduler"
		class="org.springframework.scheduling.quartz.SchedulerFactoryBean">
		<property name="configLocation" value="classpath:quartz.properties" />
		<property name="dataSource" ref="MasterDataSource" />
		<!--<property name="transactionManager" ref="configtransactionManager" 
			/> -->
		<property name="schedulerName" value="systemClientJobScheduler" />
		<property name="overwriteExistingJobs" value="false" />
		<property name="waitForJobsToCompleteOnShutdown" value="true" />
		<property name="autoStartup" value="true" />
		<property name="applicationContextSchedulerContextKey" value="applicationContext" />
		<property name="schedulerContextAsMap">
			<map>
				<entry key="jobLocator" value-ref="jobRegistry" />
				<entry key="jobLauncher" value-ref="jobLauncher" />
			</map>
		</property>
		<property name="jobFactory">
			<bean class="com.ey.advisory.asp.batch.AutowiringSpringBeanJobFactory" />
		</property>
		<property name="jobDetails">
			<list>
				<ref bean="scheduleMasterRawFileJob" />
				<ref bean="createMasterReturnPeriodJob" />
				<ref bean="timeoutAndPersistRedisToDBPart1Job" /> 
				<!-- <ref bean="itcComputationJobDetailBean" /> <ref bean="itcRevComputationJobDetailBean" 
					/> <ref bean="timeoutAndPersistRedisToDBPart1Job" /> -->
				<!-- <ref bean="createSmartReportForEachGroupJob" /> -->
				<!-- <ref bean="generateJsonForReconReportJob" /> -->
				<!-- <ref bean="runCustomerSpecificJob" /> -->
				<!-- <ref bean="saveSummaryGSTR1GstnJob"/> -->
				<!-- <ref bean="getGSTR3DetailsJob" /> -->
				<!-- <ref bean="getGstr1DetailsFromGstnJob" /> -->
				<!-- <ref bean="getGSTR1AJob" /> -->
			</list>
		</property>
		<property name="triggers">
			<list>
 				<ref bean="scheduleMasterRawFileJobTrigger" />
				<ref bean="createMasterReturnPeriodJobTrigger" />
				<ref bean="timeoutAndPersistRedisToDBPart1JobTrigger" />
				<!-- <ref bean="itcComputationJobTrigger" /> <ref bean="itcRevComputationJobTrigger" 
					/> <ref bean="timeoutAndPersistRedisToDBPart1JobTrigger" /> -->
				<!-- <ref bean="createSmartReportForEachGroupJobTrigger" /> -->
				<!-- <ref bean="generateJsonForReconReportJobTrigger" /> -->
				<!-- <ref bean="runCustomerSpecificJobTrigger" /> -->
				<!-- <ref bean="saveSummaryGSTR1GstnJobTrigger"/> -->
				<!-- <ref bean="getGSTR3DetailsJobTrigger" /> -->
				<!-- <ref bean="getGstr1DetailsFromGstnJobTrigger" /> -->
				<!-- <ref bean="getGSTR1AJobTrigger" /> -->
			</list>
		</property>
	</bean>

	<bean id="clientSpecificJobScheduler"
		class="org.springframework.scheduling.quartz.SchedulerFactoryBean">
		<property name="configLocation" value="classpath:quartz.properties" />
		<property name="dataSource" ref="MasterDataSource" />
		<property name="schedulerName" value="clientSpecificJobScheduler" />
		<property name="overwriteExistingJobs" value="false" />
		<property name="waitForJobsToCompleteOnShutdown" value="true" />
		<property name="autoStartup" value="true" />
		<property name="applicationContextSchedulerContextKey" value="applicationContext" />
		<property name="schedulerContextAsMap">
			<map>
				<entry key="jobLocator" value-ref="jobRegistry" />
				<entry key="jobLauncher" value-ref="jobLauncher" />
			</map>
		</property>
		<property name="jobFactory">
			<bean class="com.ey.advisory.asp.batch.AutowiringSpringBeanJobFactory" />
		</property>
		<property name="jobDetails">
			<list>
				<!-- <ref bean="processInvoiceLineItemCountJob" /> <ref bean="getInvoiceTransactionStatusGSTINJob" 
					/> <ref bean="getGSTR3DetailsJob" /> -->
			</list>
		</property>
		<property name="triggers">
			<list>
				<!-- <ref bean="processInvoiceLineItemCountJobTrigger" /> <ref bean="getInvoiceTransactionStatusGSTINJobTrigger" 
					/> <ref bean="getGSTR3DetailsJobTrigger" /> -->
			</list>
		</property>
		<property name="globalTriggerListeners">
			<list>
				<ref bean="clientJobTriggerListener" />
			</list>
		</property>
	</bean>

	<bean id="clientManagedJobScheduler"
		class="org.springframework.scheduling.quartz.SchedulerFactoryBean">
		<property name="configLocation" value="classpath:quartz.properties" />
		<property name="dataSource" ref="MasterDataSource" />
		<property name="schedulerName" value="clientManagedDynaScheduler" />
		<property name="overwriteExistingJobs" value="true" />
		<property name="waitForJobsToCompleteOnShutdown" value="true" />
		<property name="autoStartup" value="true" />
		<property name="applicationContextSchedulerContextKey" value="applicationContext" />
		<property name="schedulerContextAsMap">
			<map>
				<entry key="jobLocator" value-ref="jobRegistry" />
				<entry key="jobLauncher" value-ref="jobLauncher" />
			</map>
		</property>
		<property name="jobFactory">
			<bean class="com.ey.advisory.asp.batch.AutowiringSpringBeanJobFactory" />
		</property>
		<property name="jobDetails">
			<list>
				<!-- <ref bean="saveGSTR1DataJob" /> -->
				<ref bean="getGSTR2AJob" />
				<!-- <ref bean="reconciliationProcessGstr2Job" /> -->
				<!-- <ref bean="saveGSTR2GSTNJob" /> -->
				<ref bean="mailGstrAndReconReportJob" />
				<ref bean="mailInvMappingReadyJob" />
				<ref bean="savetransactionalGSTR1GstnJob" />
				<ref bean="savetransactionalGSTR2GstnJob" />
				<!-- <ref bean="saveSummaryGSTR1GstnJob"/> -->
				<!-- <ref bean="getGSTR6AJob" /> -->
			</list>
		</property>
		<property name="globalTriggerListeners">
			<list>
				<ref bean="clientJobTriggerListener" />
			</list>
		</property>
	</bean>

	<bean id="systemClientDynaJobScheduler"
		class="org.springframework.scheduling.quartz.SchedulerFactoryBean">
		<property name="configLocation" value="classpath:quartz.properties" />
		<property name="dataSource" ref="MasterDataSource" />
		<property name="schedulerName" value="systemClientDynaScheduler" />
		<property name="overwriteExistingJobs" value="false" />
		<property name="waitForJobsToCompleteOnShutdown" value="true" />
		<property name="autoStartup" value="true" />
		<property name="applicationContextSchedulerContextKey" value="applicationContext" />
		<property name="schedulerContextAsMap">
			<map>
				<entry key="jobLocator" value-ref="jobRegistry" />
				<entry key="jobLauncher" value-ref="jobLauncher" />
			</map>
		</property>
		<property name="jobFactory">
			<bean class="com.ey.advisory.asp.batch.AutowiringSpringBeanJobFactory" />
		</property>
		<property name="jobDetails">
			<list>
				<ref bean="processTenantDynamicJob" />
			</list>
		</property>
		<property name="triggers">
			<list>
				<ref bean="processTenantDynamicJobTrigger" />
			</list>
		</property>
		<property name="globalTriggerListeners">
			<list>
				<ref bean="clientJobTriggerListener" />
			</list>
		</property>
	</bean>

	<!-- Get GSTR3 Liability/Cash/ITC ledger details -->
	<bean name="getGSTR3DetailsJob"
		class="org.springframework.scheduling.quartz.JobDetailFactoryBean">
		<property name="jobClass" value="com.ey.advisory.asp.quartz.QuartzJobLauncher" />
		<property name="group" value="${job.clientManaged}" />
		<property name="description" value="Get Liability/Cash/ITC Details From GSTN" />
		<property name="jobDataMap">
			<map>
				<entry key="jobName" value="getDetailsFromGSTN" />
			</map>
		</property>
		<property name="durability" value="true" />
	</bean>
	<!-- Get GSTR3 Cash/ITC ledger details -->
	<bean id="getGSTR3DetailsJobTrigger"
		class="org.springframework.scheduling.quartz.CronTriggerFactoryBean">
		<property name="jobDetail" ref="getGSTR3DetailsJob" />
		<property name="cronExpression" value="0 0 5 1/1 * ? *" />
	</bean>
	<bean name="savetransactionalGSTR1GstnJob"
		class="org.springframework.scheduling.quartz.JobDetailFactoryBean">
		<property name="jobClass" value="com.ey.advisory.asp.quartz.QuartzJobLauncher" />
		<property name="group" value="${job.clientManaged}" />
		<property name="description" value="Save GSTR1 Daily to GSTN" />
		<property name="jobDataMap">
			<map>
				<entry key="jobName" value="savetransactionalGSTR1Gstn" />
			</map>
		</property>
		<property name="durability" value="true" />
	</bean>

	<!-- <bean id="savetransactionalGSTR1GstnJobTrigger"
		class="org.springframework.scheduling.quartz.CronTriggerFactoryBean">
		<property name="jobDetail" ref="savetransactionalGSTR1GstnJob" />
		<property name="cronExpression" value="0 0/1 * * * ?" />
	</bean> -->
	
	
	<bean name="saveSummaryGSTR1GstnJob"
		class="org.springframework.scheduling.quartz.JobDetailFactoryBean">
		<property name="jobClass" value="com.ey.advisory.asp.quartz.QuartzJobLauncher" />
		<property name="group" value="${job.sysClient}" />
		<property name="description" value="Save GSTR1 SummaryWise to GSTN" />
		<property name="jobDataMap">
			<map>
				<entry key="jobName" value="saveSummaryGSTR1Gstn" />
			</map>
		</property>
		<property name="durability" value="true" />
	</bean>

	<bean id="saveSummaryGSTR1GstnJobTrigger"
		class="org.springframework.scheduling.quartz.CronTriggerFactoryBean">
		<property name="jobDetail" ref="saveSummaryGSTR1GstnJob" />
		<property name="cronExpression" value="0 0/1 * * * ?" />
	</bean>


	<!-- GSTR2 Save changes -->

	<bean name="savetransactionalGSTR2GstnJob"
		class="org.springframework.scheduling.quartz.JobDetailFactoryBean">
		<property name="jobClass" value="com.ey.advisory.asp.quartz.QuartzJobLauncher" />
		<property name="group" value="${job.clientManaged}" />
		<property name="description" value="Save GSTR2 Daily to GSTN" />
		<property name="jobDataMap">
			<map>
				<entry key="jobName" value="savetransactionalGSTR2Gstn" />
			</map>
		</property>
		<property name="durability" value="true" />
	</bean>

	<bean id="savetransactionalGSTR2GstnJobTrigger"
		class="org.springframework.scheduling.quartz.CronTriggerFactoryBean">
		<property name="jobDetail" ref="savetransactionalGSTR2GstnJob" />
		<property name="cronExpression" value="0 0/1 * * * ?" />
	</bean>

	<!-- GSTR2 Save Changes Ends -->
	<!-- Get GSTR6A -->
	<bean name="getGSTR6AJob"
		class="org.springframework.scheduling.quartz.JobDetailFactoryBean">
		<property name="jobClass" value="com.ey.advisory.asp.quartz.QuartzJobLauncher" />
		<property name="group" value="${job.clientManaged}" />
		<property name="description" value="Get GSTR6A From GSTN" />
		<property name="jobDataMap">
			<map>
				<entry key="jobName" value="getGSTR6AFromGSTN" />
			</map>
		</property>
		<property name="durability" value="true" />
	</bean>

	<!-- Run the job every 1 minute -->
	<!-- <bean id="getGSTR6AJobTrigger" class="org.springframework.scheduling.quartz.CronTriggerFactoryBean"> 
		<property name="jobDetail" ref="getGSTR6AJob" /> <property name="cronExpression" 
		value="0 0/1 * 1/1 * ? *" /> </bean> -->
	<!-- Get GSTR6A -->

	<!-- Transaction ID Polling Starts -->

	<bean name="transactionIDPollingJob"
		class="org.springframework.scheduling.quartz.JobDetailFactoryBean">
		<property name="jobClass" value="com.ey.advisory.asp.quartz.QuartzJobLauncher" />
		<property name="group" value="${job.clientSpecific}" />
		<property name="description" value="Transaction ID Polling" />
		<property name="jobDataMap">
			<map>
				<entry key="jobName" value="transactionIDPolling" />
			</map>
		</property>
		<property name="durability" value="true" />
	</bean>

	<bean name="transactionIDPollingSubmitJob"
		class="org.springframework.scheduling.quartz.JobDetailFactoryBean">
		<property name="jobClass" value="com.ey.advisory.asp.quartz.QuartzJobLauncher" />
		<property name="group" value="${job.clientSpecific}" />
		<property name="description" value="Transaction ID Polling" />
		<property name="jobDataMap">
			<map>
				<entry key="jobName" value="transactionIDPollingSubmit" />
			</map>
		</property>
		<property name="durability" value="true" />
	</bean>


	<bean name="summaryTransactionIDPollingJob"
		class="org.springframework.scheduling.quartz.JobDetailFactoryBean">
		<property name="jobClass" value="com.ey.advisory.asp.quartz.QuartzJobLauncher" />
		<property name="group" value="${job.clientSpecific}" />
		<property name="description" value="Summary Transaction ID Polling" />
		<property name="jobDataMap">
			<map>
				<entry key="jobName" value="summaryTransactionIDPolling" />
			</map>
		</property>
		<property name="durability" value="true" />
	</bean>

	<bean name="scheduleSimpleTriggerwithETAJob"
		class="org.springframework.scheduling.quartz.JobDetailFactoryBean">
		<property name="jobClass" value="com.ey.advisory.asp.quartz.QuartzJobLauncher" />
		<property name="group" value="${job.clientManaged}" />
		<property name="description" value="Schedule Data Frequency for Save GSTN" />
		<property name="jobDataMap">
			<map>
				<entry key="jobName" value="scheduleSimpleTriggerwithETA" />
			</map>
		</property>
		<property name="durability" value="true" />
	</bean>

	<!-- Transaction ID Polling Ends -->

	<bean name="createMasterReturnPeriodJob"
		class="org.springframework.scheduling.quartz.JobDetailFactoryBean">
		<property name="jobClass" value="com.ey.advisory.asp.quartz.QuartzJobLauncher" />
		<property name="group" value="${job.sysClient}" />
		<property name="description" value="create Return Period Job " />
		<property name="jobDataMap">
			<map>
				<entry key="jobName" value="createMasterReturnPeriod" />
			</map>
		</property>
		<property name="durability" value="true" />
	</bean>

	<bean id="createMasterReturnPeriodJobTrigger"
		class="org.springframework.scheduling.quartz.CronTriggerFactoryBean">
		<property name="jobDetail" ref="createMasterReturnPeriodJob" />
		<property name="cronExpression" value="0 0 0 1 1/1 ? *" />
	</bean>

	<bean name="createClientReturnFilingDetailsJob"
		class="org.springframework.scheduling.quartz.JobDetailFactoryBean">
		<property name="jobClass" value="com.ey.advisory.asp.quartz.QuartzJobLauncher" />
		<property name="group" value="${job.sysClient}" />
		<property name="description" value="create Client Return Filing Details " />
		<property name="jobDataMap">
			<map>
				<entry key="jobName" value="createClientReturnFilingDetails" />
			</map>
		</property>
		<property name="durability" value="true" />
	</bean>

	<!-- ITC computation Schedular starts -->
	<bean name="itcComputationJobDetailBean"
		class="org.springframework.scheduling.quartz.JobDetailFactoryBean">
		<property name="jobClass" value="com.ey.advisory.asp.quartz.QuartzJobLauncher" />
		<property name="group" value="${job.sysClient}" />
		<property name="description" value="ITC Computation" />
		<property name="jobDataMap">
			<map>
				<entry key="jobName" value="itcComputationJob" />
			</map>
		</property>
		<property name="durability" value="true" />
	</bean>

	<bean id="itcComputationJobTrigger"
		class="org.springframework.scheduling.quartz.CronTriggerFactoryBean">
		<property name="jobDetail" ref="itcComputationJobDetailBean" />
		<property name="cronExpression" value="0 0 0 11 * ?" />
		<!-- <property name="cronExpression" value="0 00 21 1/1 * ? *" /> -->
	</bean>

	<bean name="callClientITCComputationJob"
		class="org.springframework.scheduling.quartz.JobDetailFactoryBean">
		<property name="jobClass" value="com.ey.advisory.asp.quartz.QuartzJobLauncher" />
		<property name="group" value="${job.sysClient}" />
		<property name="description" value="Call Client ITC Computation Job" />
		<property name="jobDataMap">
			<map>
				<entry key="jobName" value="computeITCForClient" />
			</map>
		</property>
		<property name="durability" value="true" />
	</bean>

	<bean name="itcRevComputationJobDetailBean"
		class="org.springframework.scheduling.quartz.JobDetailFactoryBean">
		<property name="jobClass" value="com.ey.advisory.asp.quartz.QuartzJobLauncher" />
		<property name="group" value="${job.sysClient}" />
		<property name="description" value="ITC Reversal Computation" />
		<property name="jobDataMap">
			<map>
				<entry key="jobName" value="itcRevComputationJob" />
			</map>
		</property>
		<property name="durability" value="true" />
	</bean>

	<bean id="itcRevComputationJobTrigger"
		class="org.springframework.scheduling.quartz.CronTriggerFactoryBean">
		<property name="jobDetail" ref="itcRevComputationJobDetailBean" />
		<property name="cronExpression" value="0 0 0 21 * ?" />
		<!-- <property name="cronExpression" value="0 00 23 1/1 * ? *" /> -->
	</bean>

	<bean name="callClientITCRevComputationJob"
		class="org.springframework.scheduling.quartz.JobDetailFactoryBean">
		<property name="jobClass" value="com.ey.advisory.asp.quartz.QuartzJobLauncher" />
		<property name="group" value="${job.sysClient}" />
		<property name="description" value="Call Client ITC Reversal Computation Job" />
		<property name="jobDataMap">
			<map>
				<entry key="jobName" value="computeITCRevForClient" />
			</map>
		</property>
		<property name="durability" value="true" />
	</bean>

	<!-- ITC computation Schedular ends -->

	<bean name="createSmartReportForEachGroupJob"
		class="org.springframework.scheduling.quartz.JobDetailFactoryBean">
		<property name="jobClass" value="com.ey.advisory.asp.quartz.QuartzJobLauncher" />
		<property name="group" value="${job.sysClient}" />
		<property name="description" value="Credit Register Smart Report" />
		<property name="jobDataMap">
			<map>
				<entry key="jobName" value="generateSmartReportForEachGroup" />
			</map>
		</property>
		<property name="durability" value="true" />
	</bean>
	
	<!-- GSTR1FF -->
	<bean name="createSmartReportForEachGstnGroupJob"
		class="org.springframework.scheduling.quartz.JobDetailFactoryBean">
		<property name="jobClass" value="com.ey.advisory.asp.quartz.QuartzJobLauncher" />
		<property name="group" value="${job.sysClient}" />
		<property name="description" value="Credit Register Smart Report" />
		<property name="jobDataMap">
			<map>
				<entry key="jobName" value="generateSmartReportForEachGstnGroup" />
			</map>
		</property>
		<property name="durability" value="true" />
	</bean>

	<!-- <bean id="createSmartReportForEachGroupJobTrigger"
		class="org.springframework.scheduling.quartz.CronTriggerFactoryBean">
		<property name="jobDetail" ref="createSmartReportForEachGroupJob" />
		<property name="cronExpression" value="0 0 0 21 1/1 ? *" />
	</bean> -->

	<bean name="getGstr2aFileDetailsFromGstnJob"
		class="org.springframework.scheduling.quartz.JobDetailFactoryBean">
		<property name="jobClass" value="com.ey.advisory.asp.quartz.QuartzJobLauncher" />
		<property name="group" value="${job.clientSpecific}" />
		<property name="description" value="Get GSTR2A File Details From GSTN with Token" />
		<property name="jobDataMap">
			<map>
				<entry key="jobName" value="getGstr2aFileDetailsFromGstn" />
			</map>
		</property>
		<property name="durability" value="true" />
	</bean>
   <!-- Token Polling for 1FF -->
	<bean name="gstr1fftokenjob "
		class="org.springframework.scheduling.quartz.JobDetailFactoryBean">
		<property name="jobClass" value="com.ey.advisory.asp.quartz.QuartzJobLauncher" />
		<property name="group" value="${job.clientSpecific}" />
		<property name="description" value="Get GSTR1FF File Details From GSTN with Token" />
		<property name="jobDataMap">
			<map>
				<entry key="jobName" value="getGstr1FFTokenPolling" />
			</map>
		</property>
		<property name="durability" value="true" />
	</bean>
	
	<!-- 6A download-->
		<bean name="getGstr6aFileDetailsFromGstnJob"
		class="org.springframework.scheduling.quartz.JobDetailFactoryBean">
		<property name="jobClass" value="com.ey.advisory.asp.quartz.QuartzJobLauncher" />
		<property name="group" value="${job.clientSpecific}" />
		<property name="description" value="Get GSTR6A File Details From GSTN with Token" />
		<property name="jobDataMap">
			<map>
				<entry key="jobName" value="getGstr6aFileDetailsFromGstn" />
			</map>
		</property>
		<property name="durability" value="true" />
	</bean>
	
	

	<bean name="generateJsonForReconReportJob"
		class="org.springframework.scheduling.quartz.JobDetailFactoryBean">
		<property name="jobClass" value="com.ey.advisory.asp.quartz.QuartzJobLauncher" />
		<property name="group" value="${job.sysClient}" />
		<property name="description" value="Generate JSON and Recon Report" />
		<property name="jobDataMap">
			<map>
				<entry key="jobName" value="generateJsonForReconReport" />
			</map>
		</property>
		<property name="durability" value="true" />
	</bean>

	<bean id="generateJsonForReconReportJobTrigger"
		class="org.springframework.scheduling.quartz.CronTriggerFactoryBean">
		<property name="jobDetail" ref="generateJsonForReconReportJob" />
		<property name="cronExpression" value="0 0/5 * * * ?" />
	</bean>

	<!--Job for Tech Recon -->
	<bean name="techReconciliationJob"
		class="org.springframework.scheduling.quartz.JobDetailFactoryBean">
		<property name="jobClass" value="com.ey.advisory.asp.quartz.QuartzJobLauncher" />
		<property name="group" value="${job.clientSpecific}" />
		<property name="description" value="Technical Reconciliation" />
		<property name="jobDataMap">
			<map>
				<entry key="jobName" value="techReconciliation" />
			</map>
		</property>
		<property name="durability" value="true" />
	</bean>
	<!--End Job for Tech Recon -->
</beans>