<?xml version="1.0" encoding="UTF-8"?>
<beans xmlns="http://www.springframework.org/schema/beans"
	xmlns:xsi="http://www.w3.org/2001/XMLSchema-instance" xmlns:context="http://www.springframework.org/schema/context"
	xmlns:jee="http://www.springframework.org/schema/jee" xmlns:tx="http://www.springframework.org/schema/tx"
	xmlns:aop="http://www.springframework.org/schema/aop" xmlns:task="http://www.springframework.org/schema/task"
	xmlns:util="http://www.springframework.org/schema/util" xmlns:jpa="http://www.springframework.org/schema/data/jpa"
	xmlns:sws="http://www.springframework.org/schema/web-services"
	xsi:schemaLocation="http://www.springframework.org/schema/jee http://www.springframework.org/schema/jee/spring-jee-4.2.xsd
		http://www.springframework.org/schema/aop http://www.springframework.org/schema/aop/spring-aop-4.2.xsd
		http://www.springframework.org/schema/task http://www.springframework.org/schema/task/spring-task-4.2.xsd
		http://www.springframework.org/schema/beans http://www.springframework.org/schema/beans/spring-beans-4.2.xsd
		http://www.springframework.org/schema/tx http://www.springframework.org/schema/tx/spring-tx-4.2.xsd 
		http://www.springframework.org/schema/context http://www.springframework.org/schema/context/spring-context-4.2.xsd
		http://www.springframework.org/schema/data/jpa http://www.springframework.org/schema/data/jpa/spring-jpa.xsd 
		http://www.springframework.org/schema/util http://www.springframework.org/schema/util/spring-util.xsd 
		http://www.springframework.org/schema/web-services
      	http://www.springframework.org/schema/web-services/web-services-2.0.xsd">

	<!-- Root Context: defines shared resources visible to all other web components -->
	
	<bean id="hibernateDao" class="com.ey.advisory.asp.client.dao.impl.HibernateDaoImpl"></bean>
	<bean id="gstr1Service"
		class="com.ey.advisory.asp.client.service.gstr1.Gstr1ServiceImpl"></bean>
		
	<bean id="gspRestProps"
		class="org.springframework.beans.factory.config.PropertyPlaceholderConfigurer">
		<property name="ignoreUnresolvablePlaceholders" value="true" />
		<property name="locations">
			<list>
				<value>classpath:MailConfig.properties</value>
				<value>classpath:GSPRestConfig.properties</value>

			</list>
		</property>
	</bean>
	<bean id="restCustomErrorHandler" class="com.ey.advisory.asp.exception.RestCustomErrorHandler"></bean>
	<!-- <bean id="mappingJackson2HttpMessageConverter" class="org.springframework.http.converter.json.MappingJackson2HttpMessageConverter"></bean> -->

	<bean id="restTemplate" class="org.springframework.web.client.RestTemplate">
		<constructor-arg ref="requestFactory" />
		<property name="errorHandler" ref="restCustomErrorHandler"></property>
		<!-- <property name="messageConverters"> <list> <ref bean="mappingJackson2HttpMessageConverter" 
			/> </list> </property> -->

	</bean>

	<bean id="httpClientBuilder" class="org.apache.http.impl.client.HttpClientBuilder"
		factory-method="create">
		<property name="proxy" ref="proxyBean" />

	</bean>

	<bean id="proxyBean" class="org.apache.http.HttpHost">

		<constructor-arg value="${restapi.proxy.host}" />
		<constructor-arg value="${restapi.proxy.port}" />
		<constructor-arg value="${restapi.proxy.protocol}" />

	</bean>

	<bean id="requestFactory"
		class="org.springframework.http.client.HttpComponentsClientHttpRequestFactory">
		<constructor-arg ref="httpClient" />
	</bean>
	<bean id="httpClient" factory-bean="httpClientBuilder"	factory-method="build" />
	<bean id="restTemplatewithoutProxy" class="org.springframework.web.client.RestTemplate">
		<constructor-arg ref="requestFactoryWithoutProxy" />
		<property name="errorHandler" ref="restCustomErrorHandler"></property>
	</bean>

	<bean id="velocityEngine"
		class="org.springframework.ui.velocity.VelocityEngineFactoryBean">
		<property name="velocityProperties">
			<props>
				<prop key="resource.loader">class</prop>
				<prop key="class.resource.loader.class">
					org.apache.velocity.runtime.resource.loader.ClasspathResourceLoader
				</prop>
			</props>
		</property>
	</bean>
     <bean id="requestFactoryWithoutProxy"
              class="org.springframework.http.client.HttpComponentsClientHttpRequestFactory">
              <constructor-arg ref="httpClientWithoutProxy" />
     </bean>
     <bean id="httpClientWithoutProxy" factory-bean="httpClientBuilderWithoutProxy"	factory-method="build" />
      <bean id="httpClientBuilderWithoutProxy" class="org.apache.http.impl.client.HttpClientBuilder"
              factory-method="create">
       <property name="connectionManager" ref="poolingHttpClientConnectionManagerwithoutProxy" />
       </bean>
       <bean id="poolingHttpClientConnectionManagerwithoutProxy" class="org.apache.http.impl.conn.PoolingHttpClientConnectionManager">
              <property name="maxTotal" value="1000" />
              <property name="defaultMaxPerRoute" value="200" />
       </bean>
		<bean id="mailSender" class="org.springframework.mail.javamail.JavaMailSenderImpl">
		<property name="host" value="${mail.host}" />
		<property name="username" value="${mail.userName}" />
		<property name="password" value="${mail.password}" />
		<property name="javaMailProperties">
			<props>
				<prop key="mail.smtp.port">${mail.smtp.port}</prop>
				<prop key="mail.debug">${mail.debug}</prop>
				<prop key="mail.smtp.auth">${mail.smtp.auth}</prop>
				<prop key="mail.smtp.starttls.enable">${mail.smtp.starttls.enable}</prop>

			</props>
		</property>
	</bean>
</beans>
