<?xml version="1.0" encoding="UTF-8"?>
<beans xmlns="http://www.springframework.org/schema/beans"
	xmlns:xsi="http://www.w3.org/2001/XMLSchema-instance" xmlns:context="http://www.springframework.org/schema/context"
	xmlns:jee="http://www.springframework.org/schema/jee" xmlns:tx="http://www.springframework.org/schema/tx"
	xmlns:aop="http://www.springframework.org/schema/aop" xmlns:task="http://www.springframework.org/schema/task"
	xmlns:util="http://www.springframework.org/schema/util" xmlns:jpa="http://www.springframework.org/schema/data/jpa"
	xmlns:sws="http://www.springframework.org/schema/web-services"
	xsi:schemaLocation="http://www.springframework.org/schema/jee http://www.springframework.org/schema/jee/spring-jee-4.2.xsd
		http://www.springframework.org/schema/aop http://www.springframework.org/schema/aop/spring-aop-4.2.xsd
		http://www.springframework.org/schema/task http://www.springframework.org/schema/task/spring-task-4.2.xsd
		http://www.springframework.org/schema/beans http://www.springframework.org/schema/beans/spring-beans-4.2.xsd
		http://www.springframework.org/schema/tx http://www.springframework.org/schema/tx/spring-tx-4.2.xsd 
		http://www.springframework.org/schema/context http://www.springframework.org/schema/context/spring-context-4.2.xsd
		http://www.springframework.org/schema/data/jpa http://www.springframework.org/schema/data/jpa/spring-jpa.xsd 
		http://www.springframework.org/schema/util http://www.springframework.org/schema/util/spring-util.xsd 
		http://www.springframework.org/schema/web-services
      	http://www.springframework.org/schema/web-services/web-services-2.0.xsd">

	<!-- Root Context: defines shared resources visible to all other web components -->
	
	<bean id="notificationPropConfig"
		class="org.springframework.beans.factory.config.PropertyPlaceholderConfigurer">
		<property name="ignoreUnresolvablePlaceholders" value="true" />
		<property name="locations">
			<list>
				<value>classpath:NotificationConfig.properties</value>

			</list>
		</property>
	</bean>
	
	<bean id="velocityEngine"
		class="org.springframework.ui.velocity.VelocityEngineFactoryBean">
		<property name="velocityProperties">
			<props>
				<prop key="resource.loader">class</prop>
				<prop key="class.resource.loader.class">
					org.apache.velocity.runtime.resource.loader.ClasspathResourceLoader
				</prop>
			</props>
		</property>
	</bean>
	
</beans>
