<?xml version="1.0" encoding="UTF-8"?>
<beans xmlns="http://www.springframework.org/schema/beans"
	xmlns:xsi="http://www.w3.org/2001/XMLSchema-instance" xmlns:context="http://www.springframework.org/schema/context"
	xmlns:jee="http://www.springframework.org/schema/jee" xmlns:tx="http://www.springframework.org/schema/tx"
	xmlns:util="http://www.springframework.org/schema/util" xmlns:aop="http://www.springframework.org/schema/aop"
	xmlns:task="http://www.springframework.org/schema/task" xmlns:jpa="http://www.springframework.org/schema/data/jpa"
	xmlns:sws="http://www.springframework.org/schema/web-services"
	xsi:schemaLocation="http://www.springframework.org/schema/jee http://www.springframework.org/schema/jee/spring-jee-4.2.xsd
		http://www.springframework.org/schema/aop http://www.springframework.org/schema/aop/spring-aop-4.2.xsd
		http://www.springframework.org/schema/task http://www.springframework.org/schema/task/spring-task-4.2.xsd
		http://www.springframework.org/schema/beans http://www.springframework.org/schema/beans/spring-beans-4.2.xsd
		http://www.springframework.org/schema/tx http://www.springframework.org/schema/tx/spring-tx-4.2.xsd 
		http://www.springframework.org/schema/context http://www.springframework.org/schema/context/spring-context-4.2.xsd 
		http://www.springframework.org/schema/util http://www.springframework.org/schema/util/spring-util.xsd 	
		http://www.springframework.org/schema/data/jpa http://www.springframework.org/schema/data/jpa/spring-jpa.xsd
		http://www.springframework.org/schema/web-services
      	http://www.springframework.org/schema/web-services/web-services-2.0.xsd">

	<!-- Root Context: defines shared resources visible to all other web components -->

<!-- 	<bean id="tenantProps"
		class="org.springframework.beans.factory.config.PropertyPlaceholderConfigurer">
		<property name="ignoreUnresolvablePlaceholders" value="true" />
		<property name="location">
			<value>classpath:tenantDb.properties</value>
		</property>
	</bean> -->
	
	
	<bean id="basicDataSource" class="org.apache.commons.dbcp.BasicDataSource" destroy-method="close" >
		<property name="driverClassName" value="com.microsoft.sqlserver.jdbc.SQLServerDriver" />
		<property name="testOnBorrow" value="true" />
		<property name="validationQuery" value="SELECT 1" />
		<property name="maxActive" value="300" /> 
		<property name="initialSize" value="10" />
		<property name="maxIdle" value="10" />
		<property name="minIdle" value="5" />
		<property name="logAbandoned" value="true" />
		
		<!--<property name="timeBetweenEvictionRunsMillis" value="34000" />
		<property name="minEvictableIdleTimeMillis" value="55000" />
		<property name="validationInterval" value="34000" /> 
		<property name="removeAbandoned" value="true" />
		<property name="removeAbandonedTimeout" value="55" /> -->
	</bean>
	

	<jee:jndi-lookup id="MasterDataSource" jndi-name="jdbc/MasterConnectionPool" />
	<jee:jndi-lookup id="ETLDataSource" jndi-name="jdbc/ETLJobConnectionPool" />

	<jpa:repositories base-package="com.ey.advisory.asp.master"
		entity-manager-factory-ref="entityManagerFactory"
		transaction-manager-ref="transactionManager" />
	<!-- JPA configuration starts -->

	<!-- This produces a container-managed EntityManagerFactory; rather than 
		application-managed EntityManagerFactory as in case of LocalEntityManagerFactoryBean -->
	<bean id="etlEntityManagerFactory"
		class="org.springframework.orm.jpa.LocalContainerEntityManagerFactoryBean">

		<property name="dataSource" ref="ETLDataSource" />
		<property name="persistenceUnitName" value="etlJobUnit" />
		<!-- This makes /META-INF/persistence.xml is no longer necessary -->
		<property name="packagesToScan" value="com.ey.advisory.asp.etl" />
		<!-- JpaVendorAdapter implementation for Hibernate EntityManager. Exposes 
			Hibernate's persistence provider and EntityManager extension interface -->
		<property name="jpaVendorAdapter">
			<bean class="org.springframework.orm.jpa.vendor.HibernateJpaVendorAdapter" />
		</property>
		<property name="jpaDialect">
			<bean id="jpaDialect"
				class="org.springframework.orm.jpa.vendor.HibernateJpaDialect" />
		</property>
		<property name="jpaProperties">
			<props>
				<!-- <prop key="hibernate.hbm2ddl.auto">validate</prop> <prop key="hibernate.dialect">org.hibernate.dialect.MySQL5Dialect</prop> -->

				<prop key="hibernate.bytecode.use_reflection_optimizer">false</prop>
				<prop key="hibernate.current_session_context_class">thread</prop>
				<!-- <prop key="hibernate.dialect">org.hibernate.dialect.SQLServerDialect</prop> -->
				<prop key="hibernate.dialect">com.ey.advisory.asp.custom.CustomDialect</prop>
				<!-- <prop key="hibernate.cache.use_second_level_cache">true</prop> <prop 
					key="hibernate.cache.use_query_cache">true</prop> <prop key="hibernate.cache.region.factory_class">net.sf.ehcache.hibernate.EhCacheRegionFactory</prop> --><!-- <prop key="hibernate.cache.region.factory_class">net.sf.ehcache.hibernate.SingletonEhCacheRegionFactory</prop> -->
				<prop key="hibernate.generate_statistics">true</prop>

				<prop key="hibernate.show_sql">false</prop>
				<prop key="hibernate.default_schema">dbo</prop>
				<!-- <prop key="hibernate.default_schema">${ssdt.defaultSchema}</prop> -->
				<prop key="current_session_context_class">thread</prop>
				<prop key="hibernate.jdbc.batch_size">50</prop>
				<prop key="hibernate.connection.defaultNChar">false</prop>

			</props>
		</property>
	</bean>

	<!-- This transaction manager is appropriate for applications that use a 
		single JPA EntityManagerFactory for transactional data access. JTA (usually 
		through JtaTransactionManager) is necessary for accessing multiple transactional 
		resources within the same transaction. -->
	<!-- <bean id="transactionManager" class="org.springframework.orm.jpa.JpaTransactionManager"> 
		<property name="entityManagerFactory" ref="entityManagerFactory" /> </bean> -->

	<!-- JPA configuration end -->

	<bean id="entityManagerFactory"
		class="org.springframework.orm.jpa.LocalContainerEntityManagerFactoryBean">
		<property name="dataSource" ref="MasterDataSource" />
		<property name="persistenceUnitName" value="masterDataUnit" />
		<!-- This makes /META-INF/persistence.xml is no longer necessary -->
		<property name="packagesToScan" value="com.ey.advisory.asp.master" />
		<!-- JpaVendorAdapter implementation for Hibernate EntityManager. Exposes 
			Hibernate's persistence provider and EntityManager extension interface -->
		<property name="jpaVendorAdapter">
			<bean class="org.springframework.orm.jpa.vendor.HibernateJpaVendorAdapter" />
		</property>
		<property name="jpaDialect">
			<bean id="jpaDialect"
				class="org.springframework.orm.jpa.vendor.HibernateJpaDialect" />
		</property>
		<property name="jpaProperties">
			<props>
				<!-- <prop key="hibernate.hbm2ddl.auto">validate</prop> <prop key="hibernate.dialect">org.hibernate.dialect.MySQL5Dialect</prop> -->

				<prop key="hibernate.bytecode.use_reflection_optimizer">false</prop>
				<prop key="hibernate.current_session_context_class">thread</prop>
				<!-- <prop key="hibernate.dialect">org.hibernate.dialect.SQLServerDialect</prop> -->
				<prop key="hibernate.dialect">com.ey.advisory.asp.custom.CustomDialect</prop>
				<!-- <prop key="hibernate.cache.use_second_level_cache">true</prop> <prop 
					key="hibernate.cache.use_query_cache">true</prop> <prop key="hibernate.cache.region.factory_class">net.sf.ehcache.hibernate.EhCacheRegionFactory</prop> --><!-- <prop key="hibernate.cache.region.factory_class">net.sf.ehcache.hibernate.SingletonEhCacheRegionFactory</prop> -->
				<prop key="hibernate.generate_statistics">true</prop>

				<prop key="hibernate.show_sql">false</prop>
				<prop key="hibernate.default_schema">dbo</prop>
				<!-- <prop key="hibernate.default_schema">${ssdt.defaultSchema}</prop> -->
				<prop key="current_session_context_class">thread</prop>
				<prop key="hibernate.jdbc.batch_size">50</prop>
				<prop key="hibernate.connection.defaultNChar">false</prop>
			</props>
		</property>
	</bean>

	<!-- This transaction manager is appropriate for applications that use a 
		single JPA EntityManagerFactory for transactional data access. JTA (usually 
		through JtaTransactionManager) is necessary for accessing multiple transactional 
		resources within the same transaction. -->
	<bean id="transactionManager" class="org.springframework.orm.jpa.JpaTransactionManager">
		<property name="entityManagerFactory" ref="entityManagerFactory" />
	</bean>
	<!-- <bean id="masterSessionFactory" class="org.springframework.orm.jpa.vendor.HibernateJpaSessionFactoryBean"> 
		<property name="entityManagerFactory" ref="masterEntityManagerFactory" /> 
		</bean> <bean id="masterTransactionManager" class="org.springframework.orm.hibernate4.HibernateTransactionManager"> 
		<property name="sessionFactory" ref="masterSessionFactory" /> </bean> -->
	<aop:config>
		<aop:pointcut id="masterServiceMethods"
			expression="execution(* com.ey.advisory.asp.master.service..*.*(..)) " />
		<aop:advisor advice-ref="mastertxAdvice" pointcut-ref="masterServiceMethods" />
	</aop:config>

	<tx:advice id="mastertxAdvice" transaction-manager="transactionManager">
		<tx:attributes>
			<tx:method name="*" propagation="REQUIRED" rollback-for="Exception" />
		</tx:attributes>
	</tx:advice>


	<tx:annotation-driven transaction-manager="transactionManager" />


	<util:map id="datasources">
		<!-- <entry key="EY-GDS" value-ref="GSTC1DataSource" /> -->
		<!--<entry key="EY" value-ref="GSTC2DataSource" /> -->
		<entry key="MASTER" value-ref="MasterDataSource" />
		<entry key="ETL" value-ref="ETLDataSource" />
	</util:map>

	<bean id="sessionFactory"
		class="com.ey.advisory.asp.multitenancy.LocalSessionFactoryBean">
		<property name="dataSourceMap" ref="datasources" />
		<property name="hibernateProperties">
			<map>
				<entry key="hibernate.dialect" value="com.ey.advisory.asp.client.custom.CustomDialect" />
				<entry key="hibernate.show_sql" value="false" />
				<entry key="hibernate.multiTenancy" value="DATABASE" />
				<entry key="hibernate.tenant_identifier_resolver" value-ref="tenantIdentifierResolverImpl" />
				<entry key="hibernate.multi_tenant_connection_provider"
					value-ref="tenantConnectionProviderImpl" />
			</map>
		</property>
		<property name="packagesToScan" value="com.ey.advisory.asp.client.domain"></property>

	</bean>
	<bean id="tenantIdentifierResolverImpl"
		class="com.ey.advisory.asp.multitenancy.TenantIdentifierResolverImpl">
		<aop:scoped-proxy />
	</bean>
	<bean id="tenantDataSource"
		class="com.ey.advisory.asp.multitenancy.TenantDataSource">
		<property name="dataSourceMap" ref="datasources" />
	</bean>
	<bean id="tenantConnectionProviderImpl"
		class="com.ey.advisory.asp.multitenancy.TenantConnectionProviderImpl">
		<!-- <property name="dataSourceMap" ref="datasources" /> -->
	</bean>



	<!-- Transaction -->
	<bean id="tenantTransactionManager"
		class="org.springframework.orm.hibernate4.HibernateTransactionManager">
		<property name="sessionFactory" ref="sessionFactory" />
		<property name="autodetectDataSource" value="false" />
	</bean>

	<tx:annotation-driven transaction-manager="tenantTransactionManager"
		proxy-target-class="true" />

	<aop:config>
		<aop:pointcut id="clientServiceMethods"
			expression="execution(* com.ey.advisory.asp.client.service..*.*(..)) " />
		<aop:advisor advice-ref="clienttxAdvice" pointcut-ref="clientServiceMethods" />
	</aop:config>

	<tx:advice id="clienttxAdvice" transaction-manager="tenantTransactionManager">
		<tx:attributes>
			<tx:method name="*" propagation="REQUIRED" rollback-for="Exception" />
		</tx:attributes>
	</tx:advice>

	<import resource="classpath:service-context.xml" />
	<import resource="classpath:clientservice-context.xml" />


</beans>
