<?xml version="1.0" encoding="UTF-8"?>
<project xmlns="http://maven.apache.org/POM/4.0.0" xmlns:xsi="http://www.w3.org/2001/XMLSchema-instance" xsi:schemaLocation="http://maven.apache.org/POM/4.0.0 http://maven.apache.org/maven-v4_0_0.xsd">
  <modelVersion>4.0.0</modelVersion>
  <groupId>com.ey.advisory.asp.storm</groupId>
  <artifactId>asp-storm</artifactId>
  <name>asp-storm</name>
  <version>0.0.1-SNAPSHOT</version>
  <build>
    <finalName>aspstorm</finalName>
    <plugins>
      <plugin>
        <artifactId>maven-compiler-plugin</artifactId>
        <version>3.3</version>
        <configuration>
          <source>1.8</source>
          <target>1.8</target>
        </configuration>
      </plugin>
      <plugin>
        <artifactId>maven-shade-plugin</artifactId>
        <version>3.0.0</version>
        <executions>
          <execution>
            <phase>package</phase>
            <goals>
              <goal>shade</goal>
            </goals>
            <configuration>
              <filters>
                <filter>
                  <artifact>*:*</artifact>
                  <excludes>
                    <exclude>META-INF/*.SF</exclude>
                    <exclude>META-INF/*.DSA</exclude>
                    <exclude>META-INF/*.RSA</exclude>
                  </excludes>
                </filter>
              </filters>
              <artifactSet>
                <excludes>
                  <exclude>org.apache.zookeeper:*</exclude>
                </excludes>
              </artifactSet>
              <transformers>
                <transformer>
                  <mainClass>com.ey.advisory.asp.storm.topology.Topology</mainClass>
                </transformer>
              </transformers>
            </configuration>
          </execution>
        </executions>
      </plugin>
      <plugin>
        <groupId>org.sonarsource.scanner.maven</groupId>
        <artifactId>sonar-maven-plugin</artifactId>
        <version>3.2</version>
      </plugin>
    </plugins>
  </build>
  <dependencies>
    <dependency>
      <groupId>org.apache.storm</groupId>
      <artifactId>storm-core</artifactId>
      <version>1.0.1</version>
      <scope>provided</scope>
      <exclusions>
        <exclusion>
          <artifactId>kryo</artifactId>
          <groupId>com.esotericsoftware</groupId>
        </exclusion>
        <exclusion>
          <artifactId>clojure</artifactId>
          <groupId>org.clojure</groupId>
        </exclusion>
        <exclusion>
          <artifactId>disruptor</artifactId>
          <groupId>com.lmax</groupId>
        </exclusion>
        <exclusion>
          <artifactId>log4j-api</artifactId>
          <groupId>org.apache.logging.log4j</groupId>
        </exclusion>
        <exclusion>
          <artifactId>log4j-core</artifactId>
          <groupId>org.apache.logging.log4j</groupId>
        </exclusion>
        <exclusion>
          <artifactId>log4j-slf4j-impl</artifactId>
          <groupId>org.apache.logging.log4j</groupId>
        </exclusion>
        <exclusion>
          <artifactId>log4j-over-slf4j</artifactId>
          <groupId>org.slf4j</groupId>
        </exclusion>
        <exclusion>
          <artifactId>servlet-api</artifactId>
          <groupId>javax.servlet</groupId>
        </exclusion>
      </exclusions>
    </dependency>
  </dependencies>
  <distributionManagement>
    <snapshotRepository>
      <id>Maven-snapshots</id>
      <name>Maven-snapshots</name>
      <url>http://ci-sh-nx003:8081/nexus/content/repositories/Maven-snapshots/</url>
    </snapshotRepository>
  </distributionManagement>
  <properties>
    <spring.data.redis.version>1.7.1.RELEASE</spring.data.redis.version>
    <storm.version>1.0.1</storm.version>
    <kafka.version>0.8.2.2</kafka.version>
  </properties>
</project>

