<project xmlns="http://maven.apache.org/POM/4.0.0" xmlns:xsi="http://www.w3.org/2001/XMLSchema-instance" xsi:schemaLocation="http://maven.apache.org/POM/4.0.0 http://maven.apache.org/xsd/maven-4.0.0.xsd">
  <modelVersion>4.0.0</modelVersion>
 <!--  <parent>
		<groupId>com.ey.gst.asp</groupId>
		<artifactId>gst-asp-root</artifactId>
		<version>1.0.0-SNAPSHOT</version>
	</parent> -->
  <groupId>com.ey.advisory.asp.storm</groupId>
  <artifactId>asp-storm</artifactId>
  <version>0.0.1-SNAPSHOT</version>
  <name>asp-storm</name>
  
  	<properties>
		<storm.version>1.0.1</storm.version>
		<kafka.version>0.8.2.2</kafka.version>
		<spring.data.redis.version>1.7.1.RELEASE</spring.data.redis.version>
	</properties>

	<dependencies>
		<!-- Storm library -->
		<dependency>
			<groupId>org.apache.storm</groupId>
			<artifactId>storm-core</artifactId>
			<version>${storm.version}</version>
			<scope>provided</scope>
		</dependency>
		<!-- Storm-Kafka integration library -->
		<dependency>
			<groupId>org.apache.storm</groupId>
			<artifactId>storm-kafka</artifactId>
			<version>${storm.version}</version>
			<exclusions>
				<exclusion>
					<groupId>org.apache.storm</groupId>
					<artifactId>storm-core</artifactId>
				</exclusion>
			</exclusions>
		</dependency>
		<!-- Kafka client libraries as Storm-Kafka integration library does not 
			include these -->
		<dependency>
			<groupId>org.apache.kafka</groupId>
			<artifactId>kafka_2.11</artifactId>
			<version>${kafka.version}</version>
			<exclusions>
				<!-- Excluded to avoid version issues between Kafka zookeeper api and 
					Storm-kafka zookeeper api -->
				<exclusion>
					<groupId>org.apache.zookeeper</groupId>
					<artifactId>zookeeper</artifactId>
				</exclusion>
				<!-- Excluded to avoid Pre-emptive StackOverflowException due to version/implementation 
					issues between Kafka slf4j/log4j api and Storm slf4j/log4js api -->
				<exclusion>
					<groupId>org.slf4j</groupId>
					<artifactId>slf4j-log4j12</artifactId>
				</exclusion>
				<exclusion>
					<groupId>log4j</groupId>
					<artifactId>log4j</artifactId>
				</exclusion>
			</exclusions>
		</dependency>
		
		<dependency>
		    <groupId>org.apache.storm</groupId>
		    <artifactId>storm-redis</artifactId>
		    <version>${storm.version}</version>
		</dependency>
		
		<dependency>
		    <groupId>com.google.code.gson</groupId>
		    <artifactId>gson</artifactId>
		    <version>2.8.0</version>
		</dependency>
		
		<dependency>
			<groupId>org.drools</groupId>
			<artifactId>drools-core</artifactId>
			<version>6.3.0.Final</version>
		</dependency>

		<dependency>
			<groupId>org.drools</groupId>
			<artifactId>drools-compiler</artifactId>
			<version>6.3.0.Final</version>
		</dependency>

		<!-- <dependency>
			<groupId>org.kie</groupId>
			<artifactId>kie-spring</artifactId>
			<version>6.3.0.Final</version>
		</dependency> -->


		<dependency>
			<groupId>org.mvel</groupId>
			<artifactId>mvel2</artifactId>
			<version>2.2.4.Final</version>
		</dependency>
		
		<!-- <dependency>
			<groupId>com.ey.advisory.asp</groupId>
			<artifactId>Asp_business</artifactId>
			<version>1.0.0-SNAPSHOT</version>
		</dependency>  -->
		
		<dependency>
		    <groupId>org.springframework.data</groupId>
		    <artifactId>spring-data-redis</artifactId>
		    <version>${spring.data.redis.version}</version>
		</dependency>
		
		<dependency>
			<groupId>org.apache.commons</groupId>
			<artifactId>commons-lang3</artifactId>
			<version>3.3.2</version>
		</dependency>
		
		<dependency>
		    <groupId>com.sun.jersey</groupId>
		    <artifactId>jersey-client</artifactId>
		    <version>1.19.1</version>
		</dependency>
		
		<dependency>
                  <groupId>org.apache.storm</groupId>
                  <artifactId>flux-core</artifactId>
                  <version>${storm.version}</version>
        </dependency>
		<dependency>
		    <groupId>com.github.rholder</groupId>
		    <artifactId>guava-retrying</artifactId>
		    <version>2.0.0</version>
		</dependency>

        

	</dependencies>	
		<distributionManagement>
		<!-- use the following if you ARE using a snapshot version. -->
		<snapshotRepository>
			<id>Maven-snapshots</id>
			<name>Maven-snapshots</name>
			<url>http://ci-sh-nx003:8081/nexus/content/repositories/Maven-snapshots/</url>
		</snapshotRepository>
	</distributionManagement>
	<build>
		<finalName>aspstorm</finalName>
		<plugins>
		<plugin>
		    <groupId>org.apache.maven.plugins</groupId>
		    <artifactId>maven-compiler-plugin</artifactId>
		    <version>3.1</version>
		    <configuration>
		        <source>1.8</source>
		        <target>1.8</target>
		    </configuration>
	    </plugin>
		<!-- Maven Shade Plugin -->
		<plugin>
		  <groupId>org.apache.maven.plugins</groupId>
		  <artifactId>maven-shade-plugin</artifactId>
		  <version>3.0.0</version>
		  <executions>
		     <!-- Run shade goal on package phase -->
		    <execution>
			<phase>package</phase>
			<goals>
				<goal>shade</goal>
			</goals>
			<configuration>
			
			<filters>
               <filter>
                   <artifact>*:*</artifact>
                   <excludes>
                       <exclude>META-INF/*.SF</exclude>
                       <exclude>META-INF/*.DSA</exclude>
                       <exclude>META-INF/*.RSA</exclude>
                   </excludes>
               </filter>
           	</filters>
			
			  <artifactSet>
                <excludes>
                  <exclude>org.apache.zookeeper:*</exclude>
                  <!-- <exclude>org.apache.storm:*</exclude> -->
                  <!-- <exclude>org.apache.storm:*</exclude> -->
                </excludes>
              </artifactSet>
			  
			  <transformers>
				<!-- add Main-Class to manifest file -->
                    <transformer implementation="org.apache.maven.plugins.shade.resource.ManifestResourceTransformer">
					<!-- <mainClass>com.ey.advisory.asp.storm.topology.Topology</mainClass> -->
					<mainClass>org.apache.storm.flux.Flux</mainClass>
				</transformer>
			  </transformers>
			</configuration>
		      </execution>
		  </executions>
		</plugin>
			<plugin>
				<groupId>org.sonarsource.scanner.maven</groupId>
				<artifactId>sonar-maven-plugin</artifactId>
				<version>3.2</version>
			</plugin>
		</plugins>
	</build>
</project>