<project xmlns="http://maven.apache.org/POM/4.0.0" xmlns:xsi="http://www.w3.org/2001/XMLSchema-instance" xsi:schemaLocation="http://maven.apache.org/POM/4.0.0 http://maven.apache.org/xsd/maven-4.0.0.xsd">
  <modelVersion>4.0.0</modelVersion>
  <groupId>com.ey.advisory.asp.storm</groupId>
  <artifactId>asp-storm</artifactId>
  <version>0.0.1-SNAPSHOT</version>
  <name>asp-storm</name>
  
  	<properties>
  	    <!--NOTE: Exact version 1.0.1.2.5.4.0-121(shown by HDI storm UI not available in repo. Using available i.e 1.0.1.2.5.3.96-1)-->
        <project.build.sourceEncoding>UTF-8</project.build.sourceEncoding>
        <!-- The version of Storm with HDInsight 3.5 -->
        <storm.version>1.0.1.2.5.3.96-1</storm.version>
        <!-- The version of Kafka with HDInsight 3.5 -->
        <kafka.version>0.10.0.2.5.3.96-1</kafka.version>
        <spring.data.redis.version>1.7.1.RELEASE</spring.data.redis.version>
    </properties>

	<dependencies>
		<dependency>
            <groupId>org.apache.storm</groupId>
            <artifactId>storm-core</artifactId>
            <version>${storm.version}</version>
            <scope>provided</scope>
        </dependency>
        <dependency>
            <groupId>org.apache.storm</groupId>
            <artifactId>flux-core</artifactId>
            <version>${storm.version}</version>
        </dependency>
        <!-- Storm components for talking to Kafka -->
        <dependency>
            <groupId>org.apache.storm</groupId>
            <artifactId>storm-kafka</artifactId>
            <version>${storm.version}</version>
        </dependency>
        <!-- needs to be the same Kafka version as used on your cluster -->
        <dependency>
            <groupId>org.apache.kafka</groupId>
            <artifactId>kafka_2.10</artifactId>
            <version>${kafka.version}</version>
            <!-- Exclude stuff to prevent exceptions on collision with existing stuff in Storm -->
            <exclusions>
                <exclusion>
                    <groupId>org.apache.zookeeper</groupId>
                    <artifactId>zookeeper</artifactId>
                </exclusion>
                <exclusion>
                    <groupId>log4j</groupId>
                    <artifactId>log4j</artifactId>
                </exclusion>
                <exclusion>
                    <groupId>org.slf4j</groupId>
                    <artifactId>slf4j-log4j12</artifactId>
                </exclusion>
            </exclusions>
        </dependency>	
        		
		<dependency>
		    <groupId>org.apache.storm</groupId>
		    <artifactId>storm-redis</artifactId>
		    <version>${storm.version}</version>
		</dependency>
		
		<dependency>
		    <groupId>com.google.code.gson</groupId>
		    <artifactId>gson</artifactId>
		    <version>2.8.0</version>
		</dependency>
		
		<dependency>
			<groupId>org.drools</groupId>
			<artifactId>drools-core</artifactId>
			<version>6.3.0.Final</version>
		</dependency>

		<dependency>
			<groupId>org.drools</groupId>
			<artifactId>drools-compiler</artifactId>
			<version>6.3.0.Final</version>
		</dependency>

		<dependency>
			<groupId>org.mvel</groupId>
			<artifactId>mvel2</artifactId>
			<version>2.2.4.Final</version>
		</dependency>
				
		<dependency>
		    <groupId>org.springframework.data</groupId>
		    <artifactId>spring-data-redis</artifactId>
		    <version>${spring.data.redis.version}</version>
		</dependency>
		
		<dependency>
			<groupId>org.apache.commons</groupId>
			<artifactId>commons-lang3</artifactId>
			<version>3.3.2</version>
		</dependency>
		
		<dependency>
		    <groupId>com.sun.jersey</groupId>
		    <artifactId>jersey-client</artifactId>
		    <version>1.19.1</version>
		</dependency>		
		
		<dependency>
		    <groupId>com.github.rholder</groupId>
		    <artifactId>guava-retrying</artifactId>
		    <version>2.0.0</version>
		</dependency>
	</dependencies>	
		<distributionManagement>
		<!-- use the following if you ARE using a snapshot version. -->
		<snapshotRepository>
			<id>Maven-snapshots</id>
			<name>Maven-snapshots</name>
			<url>http://ci-sh-nx003:8081/nexus/content/repositories/Maven-snapshots/</url>
		</snapshotRepository>
	</distributionManagement>
	<repositories>
        <repository>
            <releases>
                <enabled>true</enabled>
                <updatePolicy>always</updatePolicy>
                <checksumPolicy>warn</checksumPolicy>
            </releases>
            <snapshots>
                <enabled>false</enabled>
                <updatePolicy>never</updatePolicy>
                <checksumPolicy>fail</checksumPolicy>
            </snapshots>
            <id>HDPReleases</id>
            <name>HDP Releases</name>
            <url>http://repo.hortonworks.com/content/repositories/releases/</url>
            <layout>default</layout>
        </repository>
        <repository>
            <releases>
                <enabled>true</enabled>
                <updatePolicy>always</updatePolicy>
                <checksumPolicy>warn</checksumPolicy>
            </releases>
            <snapshots>
                <enabled>false</enabled>
                <updatePolicy>never</updatePolicy>
                <checksumPolicy>fail</checksumPolicy>
            </snapshots>
            <id>HDPJetty</id>
            <name>Hadoop Jetty</name>
            <url>http://repo.hortonworks.com/content/repositories/jetty-hadoop/</url>
            <layout>default</layout>
        </repository>
	</repositories>
	<build>
		<finalName>aspstorm</finalName>
		<plugins>
		<plugin>
		    <groupId>org.apache.maven.plugins</groupId>
		    <artifactId>maven-compiler-plugin</artifactId>
		    <version>3.1</version>
		    <configuration>
		        <source>1.8</source>
		        <target>1.8</target>
		    </configuration>
	    </plugin>
		<!-- Maven Shade Plugin -->
		<plugin>
		  <groupId>org.apache.maven.plugins</groupId>
		  <artifactId>maven-shade-plugin</artifactId>
		  <version>3.0.0</version>
		  <executions>
		     <!-- Run shade goal on package phase -->
		    <execution>
			<phase>package</phase>
			<goals>
				<goal>shade</goal>
			</goals>
			<configuration>
			
			<filters>
               <filter>
                   <artifact>*:*</artifact>
                   <excludes>
                       <exclude>META-INF/*.SF</exclude>
                       <exclude>META-INF/*.DSA</exclude>
                       <exclude>META-INF/*.RSA</exclude>
                   </excludes>
               </filter>
           	</filters>
			
			  <artifactSet>
                <excludes>
                  <exclude>org.apache.zookeeper:*</exclude>
                  <!-- <exclude>org.apache.storm:*</exclude> -->
                  <!-- <exclude>org.apache.storm:*</exclude> -->
                </excludes>
              </artifactSet>
			  
			  <transformers>
				<!-- add Main-Class to manifest file -->
                    <transformer implementation="org.apache.maven.plugins.shade.resource.ManifestResourceTransformer">
					<!-- <mainClass>com.ey.advisory.asp.storm.topology.Topology</mainClass> -->
					<mainClass>org.apache.storm.flux.Flux</mainClass>
					
				</transformer>
			  </transformers>
			</configuration>
		      </execution>
		  </executions>
		</plugin>
			<plugin>
				<groupId>org.sonarsource.scanner.maven</groupId>
				<artifactId>sonar-maven-plugin</artifactId>
				<version>3.2</version>
			</plugin>
		</plugins>
	</build>
</project>