{
  "development": {
    "redisHost" :  "dev-redis.redis.cache.windows.net",
    "redisPort" :  "6379",
    "redisAuth" : "hGaB2jTMPQHCN0fIXtq3T/MWAbAlpAUfUtrgyHlEwT4=",
    "logFilePath": "/ENRICHAPI_LOGS/ENRICHAPI_APP",
    "encryptionAlgorithm": "aes-256-ecb",
    "restCall": false,
    "logLevel": "debug",
    "hmacAlgorithm" : "sha1",
    "getAccessTokenUrl" : "/getToken",
    "refreshTokenUrl" : "/refreshToken",
    "inwardSupplyUrl" :  "/saveInwardSupply",
    "outwardSupplyUrl" :  "/saveOutwardSupply",
    "decryptUrl" : "/decrypt",
    "encryptUrl" : "/encrypt",
    "encryptWithPCUrl" : "/PCEncrypt",
    "genAppkeyUrl"  : "/genAppkey",
    "keySize" : 32,
    "fileType_inward" : "InwardSupply",
    "fileType_outward" : "OutwardSupply",
    "sourceType" : "3",
    "azureADTokenEndpoint" : "https://login.windows.net/ey.eygsp.in/oauth2/token",
    "resource" : "https://enrichAPI/services",
    "clientId" : "85a7d0de-2cfc-4c9c-be33-19d86ec41c3d",
    "clientSecret" : "kimRhXrOmm65aS1mXVzxgqwWOVJiUYWQQxQ4MLlyyUU=",
    "grant_accessToken" : "password",
    "grant_refreshToken" : "refresh_token",
    "scope" : "openid",
    "tokenSigningKey" : "ENCAPI_TOKEN_SIGNING_KEY",
    "azureAppAudience" : "https://enrichAPI/services",
    "azureAppIssuer" : "909fe791-3d14-4d79-b51b-0cbb936c28eb",
    "enableTokenValidation" : false,
    "appContext" : "/enrichAPI",
    "authAppContext" : "/authServices",
    "unAuthAppContext" : "/services",
    "utilityContext" : "/utilityServices",
    "insertInwardFileURL" : "http://ci-dv-ap001:8080/aspapp/user/insertInwardFile",
    "insertOutwardFileURL" : "http://ci-dv-ap001:8080/aspapp/user/insertOutwardFile"
  },
  "uat": {
	"redisHost" :  "ci-st-redis001.redis.cache.windows.net",
    "redisPort" :  "6379",
    "redisAuth" : "xYzz34RsxnO8SUaw4oHkmJP4K0PsIVAh7Id9wkKU/vU=",
    "logFilePath": "/ENRICHAPI_LOGS/ENRICHAPI_APP",
    "encryptionAlgorithm": "aes-256-ecb",
    "restCall": false,
    "logLevel": "debug",
    "hmacAlgorithm" : "sha1",
    "getAccessTokenUrl" : "/getToken",
    "refreshTokenUrl" : "/refreshToken",
    "inwardSupplyUrl" :  "/saveInwardSupply",
    "outwardSupplyUrl" :  "/saveOutwardSupply",
    "decryptUrl" : "/decrypt",
    "encryptUrl" : "/encrypt",
    "encryptWithPCUrl" : "/PCEncrypt",
    "genAppkeyUrl"  : "/genAppkey",
    "keySize" : 32,
    "fileType_inward" : "InwardSupply",
    "fileType_outward" : "OutwardSupply",
    "sourceType" : "3",
    "azureADTokenEndpoint" : "https://login.windows.net/ey.eygsp.in/oauth2/token",
    "resource" : "https://enrichAPI/services",
    "clientId" : "85a7d0de-2cfc-4c9c-be33-19d86ec41c3d",
    "clientSecret" : "kimRhXrOmm65aS1mXVzxgqwWOVJiUYWQQxQ4MLlyyUU=",
    "grant_accessToken" : "password",
    "grant_refreshToken" : "refresh_token",
    "scope" : "openid",
    "tokenSigningKey" : "ENCAPI_TOKEN_SIGNING_KEY",
    "azureAppAudience" : "https://enrichAPI/services",
    "azureAppIssuer" : "909fe791-3d14-4d79-b51b-0cbb936c28eb",
    "enableTokenValidation" : true,
    "appContext" : "/enrichAPI",
    "authAppContext" : "/authServices",
    "unAuthAppContext" : "/services",
    "utilityContext" : "/utilityServices",
    "insertInwardFileURL" : "http://10.8.6.18/aspapp/user/insertInwardFile",
    "insertOutwardFileURL" : "http://10.8.6.18/aspapp/user/insertOutwardFile"
  },
  "production": {
    "redisHost" :  "dev-redis.redis.cache.windows.net",
    "redisPort" :  "6379",
    "redisAuth" : "hGaB2jTMPQHCN0fIXtq3T/MWAbAlpAUfUtrgyHlEwT4=",
    "logFilePath": "/ENRICHAPI_LOGS/ENRICHAPI_APP",
    "encryptionAlgorithm": "aes-256-ecb",
    "restCall": false,
    "logLevel": "debug",
    "hmacAlgorithm" : "sha1",
    "getAccessTokenUrl" : "/getToken",
    "refreshTokenUrl" : "/refreshToken",
    "inwardSupplyUrl" :  "/saveInwardSupply",
    "outwardSupplyUrl" :  "/saveOutwardSupply",
    "decryptUrl" : "/decrypt",
    "encryptUrl" : "/encrypt",
    "encryptWithPCUrl" : "/PCEncrypt",
    "genAppkeyUrl"  : "/genAppkey",
    "keySize" : 32,
    "fileType_inward" : "InwardSupply",
    "fileType_outward" : "OutwardSupply",
    "sourceType" : "3",
    "azureADTokenEndpoint" : "https://login.windows.net/enyasp.onmicrosoft.com/oauth2/token",
    "resource" : "https://api.eyasp.com/enrichAPI/services",
    "clientId" : "f30bc07b-7fc6-4b99-9219-52381fbabf03",
    "clientSecret" : "v2/54vm6GGQDgfkpDE53YgIlXN5A8eZYQrgqLdhwsYE=",
    "grant_accessToken" : "password",
    "grant_refreshToken" : "refresh_token",
    "scope" : "openid",
    "tokenSigningKey" : "ENCAPI_TOKEN_SIGNING_KEY",
    "azureAppAudience" : "https://api.eyasp.com/enrichAPI/services",
    "azureAppIssuer" : "909fe791-3d14-4d79-b51b-0cbb936c28eb",
    "enableTokenValidation" : false,
    "appContext" : "/enrichAPI",
    "authAppContext" : "/authServices",
    "unAuthAppContext" : "/services",
    "utilityContext" : "/utilityServices",
    "insertInwardFileURL" : "http://ci-dv-ap001:8080/aspapp/user/insertInwardFile",
    "insertOutwardFileURL" : "http://ci-dv-ap001:8080/aspapp/user/insertOutwardFile"
  }
}
