<project xmlns="http://maven.apache.org/POM/4.0.0" xmlns:xsi="http://www.w3.org/2001/XMLSchema-instance" xsi:schemaLocation="http://maven.apache.org/POM/4.0.0 http://maven.apache.org/xsd/maven-4.0.0.xsd">
  <modelVersion>4.0.0</modelVersion>
  <groupId>com.ey.gst.asp.webAdminCommon</groupId>
  <artifactId>web-admin-common</artifactId>
  <version>0.0.1-SNAPSHOT</version>
  <name>webAdminCommon</name>
  <description>ASP web- admin common java files</description>

	<!-- <packaging>jar</packaging> -->

	
	<properties>
		<org.springframework-version>4.2.8.RELEASE</org.springframework-version>
		<org.aspectj-version>1.8.4</org.aspectj-version>
		<org.slf4j-version>1.7.9</org.slf4j-version>
		<org.springsecurity-version>4.0.3.RELEASE</org.springsecurity-version>
		<tiles.version>3.0.0</tiles.version>
		<java-version>1.8</java-version>
		<jackson.version>1.9.10</jackson.version>
	</properties>
	
	<dependencies>
		<dependency>
		    <groupId>org.owasp</groupId>
		    <artifactId>csrfguard</artifactId>
		    <version>3.0.0</version>
		</dependency> 
		<dependency>
    		<groupId>org.apache.poi</groupId>
    		<artifactId>poi-ooxml</artifactId>
    		<version>3.8-beta4</version>
		</dependency>
		
		<dependency>
			<groupId>org.springframework.session</groupId>
			<artifactId>spring-session-data-redis</artifactId>
			<version>1.2.2.RELEASE</version>
		</dependency>
		<dependency>
			<groupId>org.springframework</groupId>
			<artifactId>spring-web</artifactId>
			<version>${org.springframework-version}</version>
		</dependency>
		<dependency>
			<groupId>org.apache.httpcomponents</groupId>
			<artifactId>httpclient</artifactId>
			<version>4.3.4</version>
		</dependency>

		<dependency>
			<groupId>org.apache.httpcomponents</groupId>
			<artifactId>httpasyncclient</artifactId>
			<version>4.0-beta4</version>
		</dependency>
		<dependency>
			<groupId>org.springframework</groupId>
			<artifactId>spring-webmvc</artifactId>
			<version>${org.springframework-version}</version>
		</dependency>
		<dependency>
			<groupId>org.springframework</groupId>
			<artifactId>spring-expression</artifactId>
			<version>${org.springframework-version}</version>
		</dependency>
		<dependency>
			<groupId>org.springframework</groupId>
			<artifactId>spring-context-support</artifactId>
			<version>${org.springframework-version}</version>
		</dependency>
		<!-- Spring security -->
		<dependency>
			<groupId>org.springframework.security</groupId>
			<artifactId>spring-security-core</artifactId>
			<version>${org.springsecurity-version}</version>
		</dependency>
		<dependency>
			<groupId>org.springframework.security</groupId>
			<artifactId>spring-security-config</artifactId>
			<version>${org.springsecurity-version}</version>
		</dependency>
		<dependency>
			<groupId>org.springframework.security</groupId>
			<artifactId>spring-security-web</artifactId>
			<version>${org.springsecurity-version}</version>
		</dependency>
		<!-- <dependency> <groupId>org.springframework.security</groupId> <artifactId>spring-security-ldap</artifactId> 
			<version>${org.springsecurity-version}</version> </dependency> -->
		<dependency>
			<groupId>org.springframework.security</groupId>
			<artifactId>spring-security-taglibs</artifactId>
			<version>${org.springsecurity-version}</version>
		</dependency>
		<dependency>
			<groupId>org.springframework.security</groupId>
			<artifactId>spring-security-crypto</artifactId>
			<version>3.1.0.RELEASE</version>
		</dependency>
		<!-- Tiles -->
		<dependency>
			<groupId>org.apache.tiles</groupId>
			<artifactId>tiles-api</artifactId>
			<version>${tiles.version}</version>
		</dependency>

		<dependency>
			<groupId>org.apache.tiles</groupId>
			<artifactId>tiles-compat</artifactId>
			<version>${tiles.version}</version>
		</dependency>

		<dependency>
			<groupId>org.apache.tiles</groupId>
			<artifactId>tiles-core</artifactId>
			<version>${tiles.version}</version>
		</dependency>

		<dependency>
			<groupId>org.apache.tiles</groupId>
			<artifactId>tiles-el</artifactId>
			<version>${tiles.version}</version>
		</dependency>

		<dependency>
			<groupId>org.apache.tiles</groupId>
			<artifactId>tiles-extras</artifactId>
			<version>${tiles.version}</version>
		</dependency>

		<dependency>
			<groupId>org.apache.tiles</groupId>
			<artifactId>tiles-freemarker</artifactId>
			<version>${tiles.version}</version>
		</dependency>

		<dependency>
			<groupId>org.apache.tiles</groupId>
			<artifactId>tiles-jsp</artifactId>
			<version>${tiles.version}</version>
		</dependency>

		<dependency>
			<groupId>org.apache.tiles</groupId>
			<artifactId>tiles-mvel</artifactId>
			<version>${tiles.version}</version>
		</dependency>

		<dependency>
			<groupId>org.apache.tiles</groupId>
			<artifactId>tiles-ognl</artifactId>
			<version>${tiles.version}</version>
		</dependency>

		<dependency>
			<groupId>org.apache.tiles</groupId>
			<artifactId>tiles-servlet</artifactId>
			<version>${tiles.version}</version>
		</dependency>

		<dependency>
			<groupId>org.apache.tiles</groupId>
			<artifactId>tiles-template</artifactId>
			<version>${tiles.version}</version>
		</dependency>

		<dependency>
			<groupId>org.apache.tiles</groupId>
			<artifactId>tiles-velocity</artifactId>
			<version>${tiles.version}</version>
		</dependency>
		<!-- Logging -->
		<dependency>
			<groupId>org.slf4j</groupId>
			<artifactId>slf4j-api</artifactId>
			<version>${org.slf4j-version}</version>
		</dependency>
		<dependency>
			<groupId>org.slf4j</groupId>
			<artifactId>jcl-over-slf4j</artifactId>
			<version>${org.slf4j-version}</version>
			<!-- <scope>runtime</scope> -->
		</dependency>
		<dependency>
			<groupId>org.slf4j</groupId>
			<artifactId>slf4j-log4j12</artifactId>
			<version>${org.slf4j-version}</version>
			<!-- <scope>runtime</scope> -->
		</dependency>
		<dependency>
			<groupId>org.springframework</groupId>
			<artifactId>spring-test</artifactId>
			<version>${org.springframework-version}</version>
		</dependency>
				
		<dependency>
			<groupId>log4j</groupId>
			<artifactId>log4j</artifactId>
			<version>1.2.15</version>
			<exclusions>
				<exclusion>
					<groupId>javax.mail</groupId>
					<artifactId>mail</artifactId>
				</exclusion>
				<exclusion>
					<groupId>javax.jms</groupId>
					<artifactId>jms</artifactId>
				</exclusion>
				<exclusion>
					<groupId>com.sun.jdmk</groupId>
					<artifactId>jmxtools</artifactId>
				</exclusion>
				<exclusion>
					<groupId>com.sun.jmx</groupId>
					<artifactId>jmxri</artifactId>
				</exclusion>
			</exclusions>
			<!-- <scope>runtime</scope> -->
		</dependency>
		
		<!-- Aspect-AOP -->
		<!-- ASPECT J Dependencies--> 
		<dependency>
			<groupId>org.aspectj</groupId>
			<artifactId>aspectjrt</artifactId>
			<version>${org.aspectj-version}</version>
		</dependency>

		<dependency>
			<groupId>org.aspectj</groupId>
			<artifactId>aspectjweaver</artifactId>
			<version>${org.aspectj-version}</version>
		</dependency>
		<dependency>
			<groupId>org.springframework</groupId>
			<artifactId>spring-aop</artifactId>
			<version>${org.springframework-version}</version>
		</dependency> 
		<!-- Servlet -->
		<dependency>
            <groupId>javax.servlet</groupId>
            <artifactId>javax.servlet-api</artifactId>
            <version>3.0.1</version>
       </dependency>
		<dependency>
			<groupId>javax.servlet.jsp</groupId>
			<artifactId>jsp-api</artifactId>
			<version>2.1</version>
			<scope>provided</scope>
		</dependency>
		<dependency>
			<groupId>javax.servlet</groupId>
			<artifactId>jstl</artifactId>
			<version>1.2</version>
		</dependency>

		<dependency>
		    <groupId>com.fasterxml.jackson.core</groupId>
		    <artifactId>jackson-databind</artifactId>
		    <version>2.7.5</version>
		</dependency>
		<dependency>
    	<groupId>com.googlecode.json-simple</groupId>
    	<artifactId>json-simple</artifactId>
    	<version>1.1</version>
	</dependency>
	
		<dependency>
			<groupId>commons-fileupload</groupId>
			<artifactId>commons-fileupload</artifactId>
			<version>1.2.1</version>
		</dependency>
	
		<dependency>
    		<groupId>org.apache.commons</groupId>
    		<artifactId>commons-io</artifactId>
    		<version>1.3.2</version>
		</dependency>
		
		<dependency>
			<groupId>org.bouncycastle</groupId>
			<artifactId>bcprov-jdk15</artifactId>
			<version>1.40</version>
		</dependency>
		
		<dependency>
            <groupId>com.google.http-client</groupId>
            <artifactId>google-http-client-gson</artifactId>
            <version>1.21.0</version>
        </dependency> 
        <dependency>
			<groupId>org.hibernate</groupId>
			<artifactId>hibernate-validator</artifactId>
			<version>5.2.2.Final</version>
		</dependency> 
		
		<!-- captcha -->
		<dependency>
		  <groupId>com.captcha</groupId>
		  <artifactId>botdetect-jsp20</artifactId>
		  <version>4.0.beta1</version>
		</dependency>
		
		<!-- START  -->
		<dependency>
    <groupId>org.springframework.session</groupId>
    <artifactId>spring-session</artifactId>
    <version>1.2.2.RELEASE</version>
</dependency>
		<dependency>
		    <groupId>org.springframework</groupId>
		    <artifactId>spring-websocket</artifactId>
		    <version>${org.springframework-version}</version>
		</dependency>
	     <dependency>
            <groupId>org.springframework.data</groupId>
            <artifactId>spring-data-redis</artifactId>
            <version>1.7.5.RELEASE</version>
        </dependency>
        <dependency>
            <groupId>cglib</groupId>
            <artifactId>cglib-nodep</artifactId>
            <version>3.2.4</version>
        </dependency>
	   <dependency>
		    <groupId>redis.clients</groupId>
		    <artifactId>jedis</artifactId>
		    <version>2.9.0</version>
		</dependency>
		<dependency>
		    <groupId>org.springframework</groupId>
		    <artifactId>spring-messaging</artifactId>
		    <version>${org.springframework-version}</version>
		</dependency>
		<dependency>
			<groupId>com.microsoft.azure</groupId>
			<artifactId>adal4j</artifactId>
			<version>1.1.1</version>
		</dependency>
		<dependency>
			<groupId>com.nimbusds</groupId>
			<artifactId>oauth2-oidc-sdk</artifactId>
			<version>4.5</version>
		</dependency>
		<dependency>
			<groupId>org.json</groupId>
			<artifactId>json</artifactId>
			<version>20090211</version>
		</dependency>
		<dependency>
    		<groupId>org.apache.poi</groupId>
    		<artifactId>poi-ooxml</artifactId>
    		<version>3.8-beta4</version>
		</dependency>
		<!-- END -->
        <!-- <dependency>
    <groupId>javax.validation</groupId>
    <artifactId>validation-api</artifactId>
    <version>1.0.0.GA</version>
</dependency> -->

	<!-- needed by jasperreports to build -->
		 <dependency>
			<groupId>net.sf.jasperreports</groupId>
			<artifactId>jasperreports</artifactId>
			<version>6.3.1</version>			
		</dependency>
		<dependency> 
			<groupId>com.lowagie</groupId>
			<artifactId>itext</artifactId>
			<version>2.1.7</version>
		</dependency>		
		<dependency>
		    <groupId>net.sourceforge.saxon</groupId>
		    <artifactId>saxon</artifactId>
		    <version>9.1.0.8</version>
		</dependency>
     <dependency>
			<groupId>junit</groupId>
			<artifactId>junit</artifactId>
			<version>4.10</version>
			<scope>test</scope>
		</dependency>
		<dependency>
		    <groupId>org.mockito</groupId>
		    <artifactId>mockito-all</artifactId>
		    <version>1.10.8</version>
		    <scope>test</scope>
		</dependency>
		<!-- ESAPI for security validations -->
		<dependency>
			<groupId>org.owasp.esapi</groupId>
			<artifactId>esapi</artifactId>
			<version>2.1.0.1</version>
		</dependency>
		
	</dependencies>
	 
</project>