<?xml version="1.0" encoding="UTF-8"?>
<beans xmlns="http://www.springframework.org/schema/beans"
        xmlns:util="http://www.springframework.org/schema/util"
	xmlns:xsi="http://www.w3.org/2001/XMLSchema-instance"
	xmlns:context="http://www.springframework.org/schema/context"
	xmlns:p="http://www.springframework.org/schema/p"
	xsi:schemaLocation="http://www.springframework.org/schema/beans http://www.springframework.org/schema/beans/spring-beans.xsd
	                    http://www.springframework.org/schema/util http://www.springframework.org/schema/util/spring-util.xsd
		http://www.springframework.org/schema/context http://www.springframework.org/schema/context/spring-context.xsd">

	<context:annotation-config/>
	
	<bean id="redisProps"
		class="org.springframework.beans.factory.config.PropertyPlaceholderConfigurer">
		<property name="ignoreUnresolvablePlaceholders" value="true" />
		<property name="location">
			<value>classpath:redis.properties</value>
		</property>
	</bean>

	<bean id="jedisPoolConfig" class="redis.clients.jedis.JedisPoolConfig">
		<property name="maxTotal" value="${redis.pool.maxActive}" />
		<property name="maxIdle" value="${redis.pool.maxIdle}" />
		<property name="maxWaitMillis" value="${redis.pool.maxWait}" />
		<property name="testOnBorrow" value="${redis.pool.testOnBorrow}" />
	</bean>
	
	<bean class="org.springframework.session.data.redis.config.annotation.web.http.RedisHttpSessionConfiguration"/>

	<bean id="jedisConnectionFactory"
		class="org.springframework.data.redis.connection.jedis.JedisConnectionFactory">
		<property name="hostName" value="${redis.hostName}" />
		<property name="port" value="${redis.port}" />
<!-- 	Uncomment this line for Azure -->
	 <property name="password" value="${redis.password}" /> 
		<property name="poolConfig" ref="jedisPoolConfig" />
	</bean>
        
    <bean id="redisTemplate" class="org.springframework.data.redis.core.RedisTemplate"
    p:connection-factory-ref="jedisConnectionFactory"/>
    
	<!-- <bean id="abstractSecWebAppInitializer" class="com.ey.gst.asp.security.SecurityInitializer"/> -->
	
	<!-- <bean class="com.ey.gst.asp.session.HttpSessionAppInitialize"/> -->
	
	<bean id='redisCacheManager' class='org.springframework.data.redis.cache.RedisCacheManager'>
		<constructor-arg ref="redisTemplate" />
	</bean>   
	<util:constant static-field="org.springframework.session.data.redis.config.ConfigureRedisAction.NO_OP"/>
	
	
</beans>