<?xml version="1.0" encoding="UTF-8"?>
<beans xmlns="http://www.springframework.org/schema/beans"
	xmlns:xsi="http://www.w3.org/2001/XMLSchema-instance" xmlns:context="http://www.springframework.org/schema/context"
	xmlns:jee="http://www.springframework.org/schema/jee" xmlns:tx="http://www.springframework.org/schema/tx"
	xmlns:aop="http://www.springframework.org/schema/aop" xmlns:task="http://www.springframework.org/schema/task"
	xmlns:jpa="http://www.springframework.org/schema/data/jpa" xmlns:sws="http://www.springframework.org/schema/web-services"
	xsi:schemaLocation="http://www.springframework.org/schema/jee http://www.springframework.org/schema/jee/spring-jee-4.2.xsd
		http://www.springframework.org/schema/aop http://www.springframework.org/schema/aop/spring-aop-4.2.xsd
		http://www.springframework.org/schema/task http://www.springframework.org/schema/task/spring-task-4.2.xsd
		http://www.springframework.org/schema/beans http://www.springframework.org/schema/beans/spring-beans-4.2.xsd
		http://www.springframework.org/schema/tx http://www.springframework.org/schema/tx/spring-tx-4.2.xsd 
		http://www.springframework.org/schema/context http://www.springframework.org/schema/context/spring-context-4.2.xsd
		http://www.springframework.org/schema/data/jpa http://www.springframework.org/schema/data/jpa/spring-jpa.xsd
		http://www.springframework.org/schema/web-services
      	http://www.springframework.org/schema/web-services/web-services-2.0.xsd">

	<!-- Root Context: defines shared resources visible to all other web components -->
	<context:annotation-config />
	<context:component-scan base-package="com.ey.advisory.asp" />
	
 	<aop:aspectj-autoproxy />

	<import resource="classpath:tenantservice-context.xml" />

	<!--<bean id="configSessionFactory" class="org.springframework.orm.hibernate3.annotation.AnnotationSessionFactoryBean"> 
		<property name="dataSource" ref="configDataSource" /> <property name="hibernateProperties"> 
		<props> <prop key="hibernate.bytecode.use_reflection_optimizer">false</prop> 
		<prop key="hibernate.current_session_context_class">thread</prop> <prop key="hibernate.dialect">org.hibernate.dialect.SQLServerDialect</prop> 
		<prop key="hibernate.cache.use_second_level_cache">true</prop> <prop key="hibernate.cache.use_query_cache">true</prop> -->
	<!-- <prop key="hibernate.cache.region.factory_class">net.sf.ehcache.hibernate.EhCacheRegionFactory</prop> -->
	<!-- <prop key="hibernate.cache.region.factory_class">net.sf.ehcache.hibernate.SingletonEhCacheRegionFactory 
		</prop> <prop key="hibernate.generate_statistics">true</prop> <prop key="hibernate.show_sql">true</prop> 
		<prop key="hibernate.default_schema">dbo</prop> <prop key="current_session_context_class">thread</prop> 
		</props> </property> </bean> <bean id="configtransactionManager" class="org.springframework.orm.hibernate3.HibernateTransactionManager"> 
		<property name="sessionFactory" ref="configSessionFactory" /> </bean> -->

	<bean id="restTemplate" class="org.springframework.web.client.RestTemplate">
		<constructor-arg ref="requestFactory" />
	</bean>

	<bean id="httpClientBuilder" class="org.apache.http.impl.client.HttpClientBuilder"
		factory-method="create">
		<property name="connectionManager" ref="poolingHttpClientConnectionManager" />
	</bean>
	<bean id="poolingHttpClientConnectionManager" class="org.apache.http.impl.conn.PoolingHttpClientConnectionManager">
		<property name="maxTotal" value="1000" />
		<property name="defaultMaxPerRoute" value="200" />
	</bean>
   <bean id="requestFactory"
		class="org.springframework.http.client.HttpComponentsClientHttpRequestFactory">
		<constructor-arg ref="httpClient" />
	</bean>
	 <bean id="httpClient" factory-bean="httpClientBuilder"
		factory-method="build" /> 
		
	 <import resource="./redis-context.xml" />	
	
	
	
	 <bean id="logLevelConfigurator" class="com.ey.advisory.asp.log4j.LogLevelConfigurator"
		init-method="init">
	</bean>
    </beans>
