<?xml version="1.0" encoding="UTF-8"?>
<entity-mappings xmlns="http://java.sun.com/xml/ns/persistence/orm"
 xmlns:xsi="http://www.w3.org/2001/XMLSchema-instance"
 xsi:schemaLocation="http://java.sun.com/xml/ns/persistence/orm
 http://java.sun.com/xml/ns/persistence/orm_1_0.xsd" version="1.0">

    <entity class="com.ey.advisory.asp.master.domain.CustomerJobDetails">
        <entity-listeners>
            <entity-listener class="com.ey.advisory.asp.quartz.listener.DynamicSchedulerListener" />             	      	
        </entity-listeners>
    </entity>
    
    <entity class="com.ey.advisory.asp.master.domain.TenantDynamicJobDetail">
        <entity-listeners>
            <entity-listener class="com.ey.advisory.asp.quartz.listener.SystemClientDynamicSchedulerListener" />             	      	
        </entity-listeners>
    </entity>

    <!--Other listeners-->

</entity-mappings>