{
  "development": {
    "kafkaZKList" : "zk0-cluste.zjzlvwimql2u5nkv5b5otywymh.rx.internal.cloudapp.net:2181,zk2-cluste.zjzlvwimql2u5nkv5b5otywymh.rx.internal.cloudapp.net:2181,zk5-cluste.zjzlvwimql2u5nkv5b5otywymh.rx.internal.cloudapp.net:2181",
    "kafkaMaxRetry" : 3,
    "consumerGroupId" : "ASPHAND-node-group4",
    "auditLogtopicID" : "GSTNRefreshTopic7",
    "auditLogpartitions" : 1,
    "redisHost" :  "dev-redis.redis.cache.windows.net",
    "redisPort" :  "6379",
    "redisAuth" : "hGaB2jTMPQHCN0fIXtq3T/MWAbAlpAUfUtrgyHlEwT4=",
     "host_gsp_local" : "https://devapi.eygsp.in/digigst",
     "resource_gsp_local" : "/taxpayerapi/v0.2/authenticate",
     "host_asp" : "http://ci-dv-qn001:8080/encutil/",
     "resource_asp_encrypt" :"refreshToken/encrypt",
     "resource_asp_decrypt" : "refreshToken/decrypt",
     "refreshTokenAction" : "REFRESHTOKEN",
     "refreshTokenEndpoint" : "/services/getrefreshtoken/",
      "logFilePath": "/ASPAPP_LOGS/ASPApp",
      "logLevel": "debug",
      "addToRedisList" : ["/totalInvoicesCount"],
      "gstrList" : ["gstr1","gstr2","gstr6"],
      "apiCall" :  "GSP",
      "encryptionAlgorithm": "aes-256-ecb",
      "restCall": false,
      "gspRefreshTopicID" : "GSPRefreshTopic4",
      "kafkaTopicList" : ["GSTNRefreshTopic7","GSPRefreshTopic4","gstr1-interfaceGSTN1"],
      "gspRefreshTokenEndpoint" : "/services/gsprefreshtoken",
      "resource_gspRefresh" : "/v1.0/authenticate/oauth/token",
      "gspRefreshTokenInSecs" : 2,
      "gstnRefreshInHours" : 3,
      "gstnRefreshAction" : "GSTN",
      "gspRefreshAction" : "GSP",
      "aspAppHost" : "http://ci-dv-ap001:8080",
      "aspAppSaveResource" : "/aspapp/gstr1/saveGstnTranId",
      "setTimeOutIntervalInMin" : 5,
      "proxy" : "http://devproxy.konarkdev.net:8080",
      "getFailedInvEndpoint" : "/services/getFailedInv",
      "refreshGSTNMaxRetry" : 3,
      "refreshGSPMaxRetry" : 3,
      "setGSTNRefreshTimeOutInHours" : 1,
      "setGSPRefreshTimeOutInHours" : 0.25
  },
  "uat": {
    "kafkaZKList" : "zk0-ka001.rhyfac0zumpelftxfcczdx4wba.rx.internal.cloudapp.net:2181,zk2-ka001.rhyfac0zumpelftxfcczdx4wba.rx.internal.cloudapp.net:2181,zk3-ka001.rhyfac0zumpelftxfcczdx4wba.rx.internal.cloudapp.net:2181",
    "kafkaMaxRetry" : 3,
    "consumerGroupId" : "ASPHAND-node-group4",
    "auditLogtopicID" : "GSTNRefreshUATTopic",
    "auditLogpartitions" : 1,
    "redisHost" :  "ci-st-redis001.redis.cache.windows.net",
    "redisPort" :  "6379",
    "redisAuth" : "xYzz34RsxnO8SUaw4oHkmJP4K0PsIVAh7Id9wkKU/vU=",
     "host_gsp_local" : "https://api.eygsp.in/digigst",
     "resource_gsp_local" : "/taxpayerapi/v0.2/authenticate",
     "host_asp" : "http://ci-dv-qn001:8080/encutil/",
     "resource_asp_encrypt" :"refreshToken/encrypt",
     "resource_asp_decrypt" : "refreshToken/decrypt",
     "refreshTokenAction" : "REFRESHTOKEN",
     "refreshTokenEndpoint" : "/services/getrefreshtoken/",
      "logFilePath": "/ASPAPP_LOGS/ASPApp",
      "logLevel": "debug",
      "addToRedisList" : ["/totalInvoicesCount"],
      "gstrList" : ["gstr1","gstr2","gstr6"],
      "apiCall" :  "GSP",
      "encryptionAlgorithm": "aes-256-ecb",
      "restCall": false,
      "gspRefreshTopicID" : "GSPRefreshUATTopic",
     "kafkaTopicList" : ["GSTNRefreshUATTopic","GSPRefreshUATTopic","gstr1-interfaceGSTN1"],
      "gspRefreshTokenEndpoint" : "/services/gsprefreshtoken",
      "resource_gspRefresh" : "/v1.0/authenticate/oauth/token",
      "gspRefreshTokenInSecs" : 2,
      "gstnRefreshInHours" : 3,
      "gstnRefreshAction" : "GSTN",
      "gspRefreshAction" : "GSP",
      "aspAppHost" : "http://10.8.6.18",
      "aspAppSaveResource" : "/aspapp/gstr1/saveGstnTranId",
      "setTimeOutIntervalInMin" : 5,
      "proxy" : "http://uatproxy.konarkdev.net:8080",
      "getFailedInvEndpoint" : "/services/getFailedInv",
      "refreshGSTNMaxRetry" : 3,
      "refreshGSPMaxRetry" : 3,
      "setGSTNRefreshTimeOutInHours" : 1,
      "setGSPRefreshTimeOutInHours" : 0.25
  },
  "production": {
    "kafkaZKList" : "zk0-ka001.rhyfac0zumpelftxfcczdx4wba.rx.internal.cloudapp.net:2181,zk2-ka001.rhyfac0zumpelftxfcczdx4wba.rx.internal.cloudapp.net:2181,zk3-ka001.rhyfac0zumpelftxfcczdx4wba.rx.internal.cloudapp.net:2181",
    "kafkaMaxRetry" : 3,
    "consumerGroupId" : "ASPHAND-node-group4",
    "auditLogtopicID" : "GSTNRefreshTokenProdTopic",
    "auditLogpartitions" : 1,
    "redisHost" :  "ci-pr-redis001.redis.cache.windows.net",
    "redisPort" :  "6379",
    "redisAuth" : "2lYsKA1rCSkG5vcctdPL/Eiq/wXyJkfz+OYQ29St26M=",
     "host_gsp_local" : "https://api.eygsp.com/digigst",
     "resource_gsp_local" : "/taxpayerapi/v1.0/authenticate",
     "resource_asp_encrypt" :"refreshToken/encrypt",
     "resource_asp_decrypt" : "refreshToken/decrypt",
     "refreshTokenAction" : "REFRESHTOKEN",
     "refreshTokenEndpoint" : "/services/getrefreshtoken/",
      "logFilePath": "/ASPAPP_LOGS/ASPApp",
      "logLevel": "error",
      "addToRedisList" : ["/totalInvoicesCount"],
      "gstrList" : ["gstr1","gstr2","gstr6"],
      "apiCall" :  "GSP",
      "encryptionAlgorithm": "aes-256-ecb",
      "restCall": false,
      "gspRefreshTopicID" : "GSPRefTokenProdTopic",
     "kafkaTopicList" : ["GSTNRefreshTokenProdTopic","GSPRefTokenProdTopic","gstr1-interfaceGSTN1"],
      "gspRefreshTokenEndpoint" : "/services/gsprefreshtoken",
      "resource_gspRefresh" : "/v1.0/authenticate/oauth/token",
      "gspRefreshTokenInSecs" : 2,
      "gstnRefreshInHours" : 3,
      "gstnRefreshAction" : "GSTN",
      "gspRefreshAction" : "GSP",
      "aspAppHost" : "http://10.52.6.9:8080",
      "aspAppSaveResource" : "/aspapp/gstr1/saveGstnTranId",
      "setTimeOutIntervalInMin" : 5,
      "proxy" : "http://aspproxy.konarklive.net:8080",
      "getFailedInvEndpoint" : "/services/getFailedInv",
      "refreshGSTNMaxRetry" : 3,
      "refreshGSPMaxRetry" : 3,
      "setGSTNRefreshTimeOutInHours" : 1,
      "setGSPRefreshTimeOutInHours" : 1
  }
}
